UsuarioID,Calle,Ciudad,Departamento,Provincia,Distrito,Estado,CodigoPostal,Pais
1,Diagonal Chilecito N° 335,Comodoro Rivadavia,Mendoza,Mendoza,Recoleta,Mendoza,10044733,Argentina
2,Diagonal Río Negro N° 497,Rawson,Tierra del Fuego,Tierra del Fuego,Palermo,Tierra del Fuego,76007280,Argentina
3,Blv. Formosa N° 118,Mar del Plata,Salta,Salta,Barracas,Salta,53604249,Argentina
4,Avenida La Rioja N° 612,San Juan,Neuquén,Neuquén,Flores,Neuquén,91031542,Argentina
5,Calle Neuquén N° 535,San Juan,Catamarca,Catamarca,Barracas,Catamarca,33002152,Argentina
6,Calle Mar del Plata N° 5049,Ushuaia,San Juan,San Juan,Boedo,San Juan,31007563,Argentina
7,Diagonal Mitre N° 352,La Plata,Río Negro,Río Negro,Boedo,Río Negro,20003325,Argentina
8,Av. 6 N° 94,San Miguel de Tucumán,Jujuy,Jujuy,Palermo,Jujuy,47006324,Argentina
9,Avenida Alem N° 232,Merlo,Tierra del Fuego,Tierra del Fuego,Flores,Tierra del Fuego,76001174,Argentina
10,Blv. Salta N° 882,Río Gallegos,Salta,Salta,Villa Crespo,Salta,33000435,Argentina
11,Diagonal J.M. de Rosas N° 91,Corrientes,Río Negro,Río Negro,Caballito,Río Negro,44006774,Argentina
12,Diagonal La Rioja N° 596,Santiago del Estero,San Juan,San Juan,Boedo,San Juan,44000507,Argentina
13,Diagonal Belgrano N° 7294,Mar del Plata,Entre Ríos,Entre Ríos,San Telmo,Entre Ríos,19001192,Argentina
14,Av. Santa Fe N° 558,Chilecito,La Pampa,La Pampa,Boedo,La Pampa,44004926,Argentina
15,Calle Formosa N° 481,La Rioja,Corrientes,Corrientes,Barracas,Corrientes,10048973,Argentina
16,Calle Córdoba N° 3331,Santa Fe,Formosa,Formosa,Recoleta,Formosa,31002239,Argentina
17,Av. 9 N° 939,Ushuaia,Tucumán,Tucumán,San Telmo,Tucumán,36003432,Argentina
18,Blv. Formosa N° 152,Santa Fe,Buenos Aires,Buenos Aires,Belgrano,Buenos Aires,33005618,Argentina
19,Av. 9 N° 3413,Rawson,Santa Fe,Santa Fe,Retiro,Santa Fe,63009940,Argentina
20,Av. San Luis N° 607,Bahía Blanca,Chubut,Chubut,Villa Crespo,Chubut,46009001,Argentina
21,Calle Comodoro Rivadavia N° 449,San Miguel de Tucumán,Chaco,Chaco,Palermo,Chaco,31008255,Argentina
22,Diagonal Misiones N° 818,Comodoro Rivadavia,Formosa,Formosa,Recoleta,Formosa,33002825,Argentina
23,Av. San Miguel de Tucumán N° 2589,San Juan,Santiago del Estero,Santiago del Estero,Boedo,Santiago del Estero,46008398,Argentina
24,Diag. Posadas N° 373,Resistencia,Corrientes,Corrientes,Palermo,Corrientes,46009855,Argentina
25,Av. Bahía Blanca N° 9668,San Ferando del Valle de Catamarca,San Luis,San Luis,Retiro,San Luis,94005049,Argentina
26,Av. Río Negro N° 191,Bahía Blanca,Formosa,Formosa,Caballito,Formosa,53603833,Argentina
27,Diag. San Miguel de Tucumán N° 82,Merlo,Corrientes,Corrientes,Retiro,Corrientes,80003346,Argentina
28,Av. 6 N° 8962,Posadas,Misiones,Misiones,San Telmo,Misiones,80003982,Argentina
29,Calle Salta N° 63,Chilecito,Buenos Aires,Buenos Aires,Caballito,Buenos Aires,46001071,Argentina
30,Calle San Luis N° 771,Paraná,Jujuy,Jujuy,Barracas,Jujuy,85005714,Argentina
31,Diagonal 1 N° 773,Santa Fe,Formosa,Formosa,San Telmo,Formosa,58811238,Argentina
32,Diagonal Constitución N° 91,San Juan,Río Negro,Río Negro,Boedo,Río Negro,55003648,Argentina
33,Camino Córdoba N° 11,Mendoza,Formosa,Formosa,San Telmo,Formosa,80002793,Argentina
34,Avenida Saavedra N° 537,Bahía Blanca,Buenos Aires,Buenos Aires,Flores,Buenos Aires,31003900,Argentina
35,Av. 8 N° 647,San Salvador de Jujuy,Catamarca,Catamarca,Barracas,Catamarca,53000452,Argentina
36,Camino Pte. Perón N° 166,San Juan,Catamarca,Catamarca,Palermo,Catamarca,47009367,Argentina
37,Diagonal 4 N° 116,Mendoza,Misiones,Misiones,Flores,Misiones,58814559,Argentina
38,Calle Neuquén N° 47,Río Gallegos,San Juan,San Juan,Belgrano,San Juan,42001063,Argentina
39,Diag. 7 N° 62,Ushuaia,Corrientes,Corrientes,Belgrano,Corrientes,50002560,Argentina
40,Av. Río Gallegos N° 876,La Rioja,Chaco,Chaco,Caballito,Chaco,20000104,Argentina
41,Calle Corrientes N° 253,Chilecito,Chubut,Chubut,Belgrano,Chubut,44006867,Argentina
42,Diagonal Saavedra N° 3840,Merlo,Salta,Salta,Belgrano,Salta,76009049,Argentina
43,Diagonal 1 N° 86,Mendoza,Misiones,Misiones,Barracas,Misiones,55007453,Argentina
44,Diagonal Saavedra N° 6848,Córdoba,Tierra del Fuego,Tierra del Fuego,Recoleta,Tierra del Fuego,63009805,Argentina
45,Avenida 1 N° 886,Ushuaia,Jujuy,Jujuy,Retiro,Jujuy,50004769,Argentina
46,Boulevard Mar del Plata N° 712,Mar del Plata,Jujuy,Jujuy,Flores,Jujuy,33005573,Argentina
47,Boulevard La Pampa N° 983,San Salvador de Jujuy,Chubut,Chubut,Palermo,Chubut,76006851,Argentina
48,Avenida J.J. Castelli N° 281,Posadas,Tucumán,Tucumán,Villa Crespo,Tucumán,55002595,Argentina
49,Avenida Buenos Aires N° 44,Bahía Blanca,La Pampa,La Pampa,Boedo,La Pampa,58815528,Argentina
50,Avenida 6 N° 22,Viedma,Chubut,Chubut,Belgrano,Chubut,33003863,Argentina
51,Av. J.M. de Rosas N° 719,Río Gallegos,Entre Ríos,Entre Ríos,Flores,Entre Ríos,46008125,Argentina
52,Calle Mitre N° 7476,San Juan,Corrientes,Corrientes,Palermo,Corrientes,35004339,Argentina
53,Blv. Formosa N° 394,San Ferando del Valle de Catamarca,Misiones,Misiones,Belgrano,Misiones,53004896,Argentina
54,Avenida Córdoba N° 557,Paraná,Jujuy,Jujuy,Boedo,Jujuy,30006345,Argentina
55,Camino 8 N° 9523,Santa Fe,Tucumán,Tucumán,Palermo,Tucumán,40000887,Argentina
56,Diag. Tucumán N° 22,Mar del Plata,Mendoza,Mendoza,Flores,Mendoza,42003764,Argentina
57,Diagonal Resistencia N° 186,Constitución,Mendoza,Mendoza,Villa Crespo,Mendoza,33008166,Argentina
58,Diag. Santa Rosa N° 481,Córdoba,Corrientes,Corrientes,Recoleta,Corrientes,19003539,Argentina
59,Avenida Saavedra N° 136,Corrientes,Catamarca,Catamarca,Retiro,Catamarca,55005630,Argentina
60,Av. Malvinas Argentinas N° 65,San Juan,Santiago del Estero,Santiago del Estero,Boedo,Santiago del Estero,90004207,Argentina
61,Calle Córdoba N° 195,Ushuaia,Jujuy,Jujuy,Retiro,Jujuy,83002971,Argentina
62,Diagonal Paraná N° 46,Córdoba,La Rioja,La Rioja,Palermo,La Rioja,36004148,Argentina
63,Diagonal Tierra del Fuego N° 606,Córdoba,Santiago del Estero,Santiago del Estero,San Telmo,Santiago del Estero,90002539,Argentina
64,Av. Santa Cruz N° 99,Formosa,Santa Cruz,Santa Cruz,San Telmo,Santa Cruz,94008645,Argentina
65,Calle Ushuaia N° 39,Chilecito,Chubut,Chubut,Flores,Chubut,31002424,Argentina
66,Diagonal Posadas N° 139,Resistencia,Mendoza,Mendoza,Boedo,Mendoza,42000116,Argentina
67,Avenida Ciudad Autónoma de Buenos Aires N° 542,Formosa,Entre Ríos,Entre Ríos,Retiro,Entre Ríos,83008451,Argentina
68,Avenida Misiones N° 72,Rosario,Misiones,Misiones,Palermo,Misiones,94102087,Argentina
69,Av. 1 N° 563,Santa Fe,Entre Ríos,Entre Ríos,Boedo,Entre Ríos,50009638,Argentina
70,Blv. 1 N° 51,Viedma,Formosa,Formosa,Caballito,Formosa,42008054,Argentina
71,Avenida Chilecito N° 3253,Santa Fe,La Pampa,La Pampa,Villa Crespo,La Pampa,33003199,Argentina
72,Boulevard Tucumán N° 123,San Juan,Entre Ríos,Entre Ríos,Flores,Entre Ríos,36001492,Argentina
73,Calle Rivadavia N° 35,San Ferando del Valle de Catamarca,Santa Cruz,Santa Cruz,Palermo,Santa Cruz,10042783,Argentina
74,Avenida J.J. Castelli N° 247,Chilecito,San Juan,San Juan,Recoleta,San Juan,83006599,Argentina
75,Av. J.J. Castelli N° 520,Chilecito,Catamarca,Catamarca,San Telmo,Catamarca,44009373,Argentina
76,Av. Mendoza N° 195,Resistencia,La Pampa,La Pampa,Recoleta,La Pampa,40003989,Argentina
77,Diagonal Rivadavia N° 8452,Ushuaia,Jujuy,Jujuy,Palermo,Jujuy,31002168,Argentina
78,Camino 5 N° 925,La Rioja,Río Negro,Río Negro,Villa Crespo,Río Negro,20009838,Argentina
79,Avenida Alvear N° 698,Paraná,Neuquén,Neuquén,Flores,Neuquén,55003396,Argentina
80,Diagonal Merlo N° 935,San Luis,Entre Ríos,Entre Ríos,San Telmo,Entre Ríos,31005092,Argentina
81,Diagonal Santa Fe N° 6295,Ushuaia,Santa Cruz,Santa Cruz,Retiro,Santa Cruz,44002070,Argentina
82,Calle Merlo N° 302,San Miguel de Tucumán,Santa Cruz,Santa Cruz,Flores,Santa Cruz,94109475,Argentina
83,Avenida Tierra del Fuego N° 679,Santa Fe,Córdoba,Córdoba,Flores,Córdoba,57004538,Argentina
84,Diagonal 4 N° 644,Neuquén,La Rioja,La Rioja,Caballito,La Rioja,35000132,Argentina
85,Avenida San Ferando del Valle de Catamarca N° 5963,Río Gallegos,Mendoza,Mendoza,San Telmo,Mendoza,42001754,Argentina
86,Diagonal 4 N° 8719,Santa Fe,Tucumán,Tucumán,Retiro,Tucumán,94007948,Argentina
87,Calle Mitre N° 9645,San Luis,San Luis,San Luis,Retiro,San Luis,47008635,Argentina
88,Av. San Juan N° 5236,San Juan,San Juan,San Juan,Retiro,San Juan,50008771,Argentina
89,Avenida 1 N° 651,Santa Rosa,Chubut,Chubut,Villa Crespo,Chubut,35001776,Argentina
90,Calle 1 N° 18,Ushuaia,Entre Ríos,Entre Ríos,Belgrano,Entre Ríos,80001783,Argentina
91,Avenida Salta N° 336,La Rioja,San Juan,San Juan,San Telmo,San Juan,20000287,Argentina
92,Av. Merlo N° 7868,San Luis,Corrientes,Corrientes,Caballito,Corrientes,19006737,Argentina
93,Blv. G. Brown N° 18,Santa Rosa,Corrientes,Corrientes,Retiro,Corrientes,54000401,Argentina
94,Blv. San Martin N° 912,Comodoro Rivadavia,Misiones,Misiones,Caballito,Misiones,90006402,Argentina
95,Avenida Güemes N° 688,San Miguel de Tucumán,Santa Fe,Santa Fe,Villa Crespo,Santa Fe,55009590,Argentina
96,Diagonal 9 N° 346,San Miguel de Tucumán,Corrientes,Corrientes,Barracas,Corrientes,47002786,Argentina
97,Av. Corrientes N° 803,San Juan,Chubut,Chubut,San Telmo,Chubut,35001933,Argentina
98,Diagonal Mar del Plata N° 711,Córdoba,Santa Fe,Santa Fe,Retiro,Santa Fe,34009463,Argentina
99,Diagonal 7 N° 6372,Santa Rosa,Entre Ríos,Entre Ríos,Recoleta,Entre Ríos,46004355,Argentina
100,Calle Malvinas Argentinas N° 13,La Rioja,Santa Fe,Santa Fe,San Telmo,Santa Fe,57008092,Argentina
101,Boulevard Salta N° 15,San Luis,Chaco,Chaco,Caballito,Chaco,33007481,Argentina
102,Calle Buenos Aires N° 169,San Miguel de Tucumán,Mendoza,Mendoza,Recoleta,Mendoza,53605403,Argentina
103,Av. 2 N° 589,Resistencia,La Rioja,La Rioja,Belgrano,La Rioja,55004794,Argentina
104,Av. Güemes N° 453,San Juan,Chubut,Chubut,Flores,Chubut,34007147,Argentina
105,Diagonal Corrientes N° 2333,Río Gallegos,San Juan,San Juan,Barracas,San Juan,19000558,Argentina
106,Calle Mitre N° 917,Santiago del Estero,Buenos Aires,Buenos Aires,Recoleta,Buenos Aires,63004532,Argentina
107,Diag. Bahía Blanca N° 5372,Río Gallegos,Corrientes,Corrientes,Boedo,Corrientes,35008830,Argentina
108,Avenida Santiago del Estero N° 7956,San Juan,Santa Fe,Santa Fe,San Telmo,Santa Fe,90006919,Argentina
109,Blv. Córdoba N° 15,Rawson,Misiones,Misiones,Barracas,Misiones,35004230,Argentina
110,Diagonal 8 N° 49,La Rioja,Jujuy,Jujuy,Boedo,Jujuy,53602705,Argentina
111,Av. Pte. Perón N° 703,Viedma,Entre Ríos,Entre Ríos,San Telmo,Entre Ríos,63009775,Argentina
112,Calle Corrientes N° 2296,Paraná,Salta,Salta,Boedo,Salta,19003172,Argentina
113,Diag. Malvinas Argentinas N° 407,Paraná,San Juan,San Juan,San Telmo,San Juan,19000554,Argentina
114,Calle Chubut N° 9684,Córdoba,Santa Cruz,Santa Cruz,Caballito,Santa Cruz,46009858,Argentina
115,Avenida 7 N° 94,Paraná,Misiones,Misiones,San Telmo,Misiones,85007606,Argentina
116,Blv. Omar Nuñez N° 962,Corrientes,Neuquén,Neuquén,Caballito,Neuquén,94003735,Argentina
117,Avenida 9 N° 82,Rosario,Córdoba,Córdoba,Barracas,Córdoba,55003404,Argentina
118,Av. 5 N° 923,Córdoba,Córdoba,Córdoba,Boedo,Córdoba,42001440,Argentina
119,Diagonal Córdoba N° 459,Santiago del Estero,Río Negro,Río Negro,Palermo,Río Negro,31002591,Argentina
120,Av. San Luis N° 3438,Merlo,Chubut,Chubut,Flores,Chubut,35005519,Argentina
121,Avenida 9 N° 81,La Plata,Corrientes,Corrientes,Belgrano,Corrientes,83006639,Argentina
122,Diagonal San Miguel de Tucumán N° 549,Córdoba,Tierra del Fuego,Tierra del Fuego,Barracas,Tierra del Fuego,19009400,Argentina
123,Diagonal 8 N° 117,Rawson,San Juan,San Juan,Boedo,San Juan,63007437,Argentina
124,Av. San Martin N° 43,San Salvador de Jujuy,Río Negro,Río Negro,Recoleta,Río Negro,35003235,Argentina
125,Diagonal J.B. Alberdi N° 34,Viedma,Neuquén,Neuquén,Villa Crespo,Neuquén,36000731,Argentina
126,Av. La Pampa N° 7338,Paraná,Córdoba,Córdoba,Palermo,Córdoba,31002597,Argentina
127,Calle 1 N° 593,Formosa,Tierra del Fuego,Tierra del Fuego,Flores,Tierra del Fuego,50000680,Argentina
128,Avenida Santa Cruz N° 425,Mendoza,Formosa,Formosa,Belgrano,Formosa,19006602,Argentina
129,Avenida J.M. de Rosas N° 4641,Santiago del Estero,La Rioja,La Rioja,Recoleta,La Rioja,55008386,Argentina
130,Av. 5 N° 510,San Miguel de Tucumán,Río Negro,Río Negro,Villa Crespo,Río Negro,94107983,Argentina
131,Av. Belgrano N° 203,Resistencia,Santiago del Estero,Santiago del Estero,Flores,Santiago del Estero,47007588,Argentina
132,Av. Mendoza N° 38,Formosa,Neuquén,Neuquén,Flores,Neuquén,63005312,Argentina
133,Av. Chubut N° 3061,Bahía Blanca,San Juan,San Juan,Caballito,San Juan,94008063,Argentina
134,Diag. La Rioja N° 246,Viedma,Santa Fe,Santa Fe,Villa Crespo,Santa Fe,53603357,Argentina
135,Av. San Ferando del Valle de Catamarca N° 137,Neuquén,San Luis,San Luis,Flores,San Luis,47002166,Argentina
136,Calle Rosario N° 5148,Salta,Río Negro,Río Negro,Retiro,Río Negro,53003084,Argentina
137,Av. Rivadavia N° 2357,Santa Fe,Entre Ríos,Entre Ríos,Villa Crespo,Entre Ríos,58816703,Argentina
138,Calle 8 N° 484,Río Gallegos,San Juan,San Juan,Recoleta,San Juan,76009549,Argentina
139,Blv. Omar Nuñez N° 325,Paraná,Chaco,Chaco,Retiro,Chaco,55007854,Argentina
140,Calle Córdoba N° 42,Bahía Blanca,Corrientes,Corrientes,San Telmo,Corrientes,85000692,Argentina
141,Diag. 5 N° 848,San Ferando del Valle de Catamarca,Entre Ríos,Entre Ríos,Belgrano,Entre Ríos,40007946,Argentina
142,Boulevard Entre Ríos N° 733,San Juan,San Juan,San Juan,San Telmo,San Juan,94104000,Argentina
143,Avenida 8 N° 46,Santa Fe,Mendoza,Mendoza,Villa Crespo,Mendoza,42002315,Argentina
144,Calle 3 N° 48,Córdoba,Mendoza,Mendoza,Barracas,Mendoza,53600755,Argentina
145,Calle 2 N° 92,La Plata,Santa Fe,Santa Fe,Recoleta,Santa Fe,47005014,Argentina
146,Avenida San Martin N° 998,Viedma,Catamarca,Catamarca,San Telmo,Catamarca,53609867,Argentina
147,Calle Pte. Perón N° 472,Formosa,Buenos Aires,Buenos Aires,Barracas,Buenos Aires,91036579,Argentina
148,Av. Bahía Blanca N° 672,Salta,Santa Fe,Santa Fe,Barracas,Santa Fe,34008570,Argentina
149,Av. Misiones N° 954,Chilecito,Santa Fe,Santa Fe,San Telmo,Santa Fe,50005801,Argentina
150,Diag. 3 N° 685,Posadas,Tucumán,Tucumán,Belgrano,Tucumán,53603312,Argentina
151,Camino Mendoza N° 5126,Ushuaia,Río Negro,Río Negro,Belgrano,Río Negro,80004441,Argentina
152,Calle 4 N° 3450,Ushuaia,Catamarca,Catamarca,San Telmo,Catamarca,30002396,Argentina
153,Av. San Salvador de Jujuy N° 884,Merlo,Córdoba,Córdoba,Villa Crespo,Córdoba,10046123,Argentina
154,Diagonal Neuquén N° 4292,Santiago del Estero,La Rioja,La Rioja,Villa Crespo,La Rioja,40005937,Argentina
155,Av. 2 N° 298,San Ferando del Valle de Catamarca,Formosa,Formosa,Recoleta,Formosa,44008005,Argentina
156,Av. Omar Nuñez N° 27,Formosa,Formosa,Formosa,Villa Crespo,Formosa,40008237,Argentina
157,Diagonal 3 N° 9593,Resistencia,Mendoza,Mendoza,Palermo,Mendoza,55004030,Argentina
158,Av. 4 N° 957,Salta,La Rioja,La Rioja,Barracas,La Rioja,46002090,Argentina
159,Calle 6 N° 1237,Chilecito,La Rioja,La Rioja,Caballito,La Rioja,35009021,Argentina
160,Blv. Santa Cruz N° 61,Corrientes,Jujuy,Jujuy,Palermo,Jujuy,46001234,Argentina
161,Calle 166 B N° 118,Comodoro Rivadavia,Salta,Salta,Flores,Salta,44008568,Argentina
162,Av. Río Negro N° 5620,Santiago del Estero,Santa Cruz,Santa Cruz,Retiro,Santa Cruz,55001652,Argentina
163,Av. 4 N° 2665,Salta,Tierra del Fuego,Tierra del Fuego,Recoleta,Tierra del Fuego,42005086,Argentina
164,Boulevard Chilecito N° 847,San Salvador de Jujuy,Buenos Aires,Buenos Aires,Flores,Buenos Aires,53002733,Argentina
165,Calle Chaco N° 89,San Salvador de Jujuy,La Pampa,La Pampa,Boedo,La Pampa,30008455,Argentina
166,Diagonal Güemes N° 47,Bahía Blanca,Chaco,Chaco,San Telmo,Chaco,94107665,Argentina
167,Calle Alvear N° 45,Resistencia,Neuquén,Neuquén,San Telmo,Neuquén,55000179,Argentina
168,Diag. San Salvador de Jujuy N° 66,San Juan,La Pampa,La Pampa,Barracas,La Pampa,94000198,Argentina
169,Avenida 102 A N° 244,Comodoro Rivadavia,San Juan,San Juan,Recoleta,San Juan,94100965,Argentina
170,Diagonal Pte. Perón N° 7296,Rawson,Catamarca,Catamarca,Villa Crespo,Catamarca,44007514,Argentina
171,Av. Ushuaia N° 7575,Córdoba,Mendoza,Mendoza,Villa Crespo,Mendoza,33008910,Argentina
172,Av. 1 N° 561,Córdoba,Santa Cruz,Santa Cruz,Barracas,Santa Cruz,90000248,Argentina
173,Avenida San Luis N° 6031,Río Gallegos,Chubut,Chubut,Flores,Chubut,35009065,Argentina
174,Av. Alem N° 848,Corrientes,Tierra del Fuego,Tierra del Fuego,San Telmo,Tierra del Fuego,44002262,Argentina
175,Avenida San Martin N° 761,Viedma,Córdoba,Córdoba,Flores,Córdoba,83008008,Argentina
176,Av. 3 N° 43,Paraná,Tucumán,Tucumán,Flores,Tucumán,63001596,Argentina
177,Diagonal Malvinas Argentinas N° 114,San Luis,San Juan,San Juan,Belgrano,San Juan,76000196,Argentina
178,Diagonal Buenos Aires N° 85,Comodoro Rivadavia,Entre Ríos,Entre Ríos,Flores,Entre Ríos,53606226,Argentina
179,Calle 5 N° 35,La Plata,Catamarca,Catamarca,Retiro,Catamarca,85002635,Argentina
180,Diagonal 4 N° 243,Mar del Plata,Tierra del Fuego,Tierra del Fuego,Flores,Tierra del Fuego,80007655,Argentina
181,Av. 7 N° 634,Rawson,Salta,Salta,San Telmo,Salta,58814805,Argentina
182,Av. Córdoba N° 353,San Ferando del Valle de Catamarca,San Juan,San Juan,Boedo,San Juan,34009598,Argentina
183,Diagonal La Pampa N° 96,Bahía Blanca,Chubut,Chubut,San Telmo,Chubut,76004204,Argentina
184,Diag. San Luis N° 8230,Ushuaia,Tierra del Fuego,Tierra del Fuego,Villa Crespo,Tierra del Fuego,54003079,Argentina
185,Camino 9 N° 2212,Neuquén,Río Negro,Río Negro,Belgrano,Río Negro,55000545,Argentina
186,Diag. 4 N° 89,Bahía Blanca,Tierra del Fuego,Tierra del Fuego,Recoleta,Tierra del Fuego,50006334,Argentina
187,Diag. Salta N° 418,Merlo,La Pampa,La Pampa,Palermo,La Pampa,46006120,Argentina
188,Avenida 7 N° 856,Santa Rosa,Río Negro,Río Negro,Recoleta,Río Negro,94006009,Argentina
189,Calle G. Brown N° 25,Ushuaia,Neuquén,Neuquén,Belgrano,Neuquén,33001950,Argentina
190,Avenida Posadas N° 21,La Plata,Santiago del Estero,Santiago del Estero,Flores,Santiago del Estero,55006861,Argentina
191,Av. Jujuy N° 587,San Juan,Santiago del Estero,Santiago del Estero,Belgrano,Santiago del Estero,80008486,Argentina
192,Boulevard San Ferando del Valle de Catamarca N° 9441,Posadas,La Rioja,La Rioja,Villa Crespo,La Rioja,53602825,Argentina
193,Diagonal Entre Ríos N° 638,Resistencia,Mendoza,Mendoza,Flores,Mendoza,57004518,Argentina
194,Av. Santiago del Estero N° 429,Córdoba,Río Negro,Río Negro,Villa Crespo,Río Negro,91039001,Argentina
195,Avenida San Martin N° 485,Merlo,La Pampa,La Pampa,Boedo,La Pampa,50003459,Argentina
196,Calle Alvear N° 645,Resistencia,Formosa,Formosa,Palermo,Formosa,58815141,Argentina
197,Avenida Saavedra N° 7438,La Plata,San Luis,San Luis,Recoleta,San Luis,57009287,Argentina
198,Av. Santa Cruz N° 18,Mendoza,Entre Ríos,Entre Ríos,Villa Crespo,Entre Ríos,58819140,Argentina
199,Calle Mendoza N° 42,Río Gallegos,Salta,Salta,Recoleta,Salta,91032919,Argentina
200,Av. Mendoza N° 9099,Mendoza,San Luis,San Luis,Boedo,San Luis,44004690,Argentina
201,Camino 8 N° 422,Posadas,Misiones,Misiones,Caballito,Misiones,31006210,Argentina
202,Calle Chaco N° 3984,Resistencia,Salta,Salta,San Telmo,Salta,19006806,Argentina
203,Calle 9 N° 55,Bahía Blanca,Catamarca,Catamarca,Belgrano,Catamarca,83001167,Argentina
204,Calle 125 A N° 755,La Rioja,Misiones,Misiones,Barracas,Misiones,42000418,Argentina
205,Calle J.M. de Rosas N° 462,San Luis,Salta,Salta,Retiro,Salta,57007085,Argentina
206,Calle Güemes N° 1261,Bahía Blanca,Chubut,Chubut,Retiro,Chubut,94003429,Argentina
207,Diagonal Posadas N° 156,San Salvador de Jujuy,Mendoza,Mendoza,Retiro,Mendoza,90001393,Argentina
208,Avenida Córdoba N° 36,Mar del Plata,Salta,Salta,Villa Crespo,Salta,46006298,Argentina
209,Diagonal Salta N° 165,La Plata,Neuquén,Neuquén,Boedo,Neuquén,54002516,Argentina
210,Calle Alem N° 226,Chilecito,Salta,Salta,Flores,Salta,50000261,Argentina
211,Calle Rivadavia N° 654,Santa Rosa,Buenos Aires,Buenos Aires,Recoleta,Buenos Aires,40005110,Argentina
212,Avenida San Salvador de Jujuy N° 18,La Rioja,San Juan,San Juan,Belgrano,San Juan,34001125,Argentina
213,Avenida Saavedra N° 142,Rawson,Córdoba,Córdoba,Retiro,Córdoba,35004716,Argentina
214,Avenida Resistencia N° 807,Rawson,Buenos Aires,Buenos Aires,Retiro,Buenos Aires,19009019,Argentina
215,Avenida Misiones N° 66,Mendoza,Santiago del Estero,Santiago del Estero,Boedo,Santiago del Estero,40006339,Argentina
216,Calle 9 N° 9052,Paraná,San Luis,San Luis,Boedo,San Luis,35008417,Argentina
217,Av. J.M. de Rosas N° 138,Comodoro Rivadavia,Jujuy,Jujuy,Barracas,Jujuy,91033365,Argentina
218,Boulevard Ciudad Autónoma de Buenos Aires N° 293,Formosa,Córdoba,Córdoba,Flores,Córdoba,42006115,Argentina
219,Calle San Luis N° 346,Santa Fe,San Juan,San Juan,Flores,San Juan,34002090,Argentina
220,Calle San Luis N° 36,Rawson,Corrientes,Corrientes,Boedo,Corrientes,63005898,Argentina
221,Avenida Neuquén N° 437,Chilecito,San Luis,San Luis,Flores,San Luis,83007020,Argentina
222,Calle Chubut N° 8450,Posadas,Chubut,Chubut,Villa Crespo,Chubut,44004035,Argentina
223,Blv. Alem N° 913,Formosa,Chubut,Chubut,Recoleta,Chubut,53001758,Argentina
224,Diagonal La Rioja N° 219,Bahía Blanca,Mendoza,Mendoza,Flores,Mendoza,36009144,Argentina
225,Calle Mitre N° 687,San Miguel de Tucumán,Buenos Aires,Buenos Aires,Caballito,Buenos Aires,58814975,Argentina
226,Av. Mar del Plata N° 728,Mar del Plata,Chubut,Chubut,Recoleta,Chubut,57003891,Argentina
227,Avenida 8 N° 136,La Plata,Tierra del Fuego,Tierra del Fuego,Retiro,Tierra del Fuego,90000034,Argentina
228,Diagonal J.B. Alberdi N° 1317,Viedma,Salta,Salta,Belgrano,Salta,55006873,Argentina
229,Camino Belgrano N° 186,Paraná,Chaco,Chaco,Retiro,Chaco,19003035,Argentina
230,Av. Alem N° 869,Corrientes,Neuquén,Neuquén,San Telmo,Neuquén,94004534,Argentina
231,Calle G. Brown N° 7324,Corrientes,Santa Fe,Santa Fe,Retiro,Santa Fe,31001855,Argentina
232,Avenida 6 N° 616,Santa Rosa,La Pampa,La Pampa,Villa Crespo,La Pampa,57008856,Argentina
233,Diagonal G. Brown N° 4717,Santiago del Estero,San Luis,San Luis,Boedo,San Luis,31008014,Argentina
234,Avenida Corrientes N° 980,San Luis,Salta,Salta,Palermo,Salta,47000936,Argentina
235,Calle San Martin N° 53,Paraná,Misiones,Misiones,San Telmo,Misiones,76006611,Argentina
236,Camino Corrientes N° 275,San Salvador de Jujuy,Formosa,Formosa,Flores,Formosa,91032222,Argentina
237,Calle Santa Rosa N° 311,San Ferando del Valle de Catamarca,La Rioja,La Rioja,Palermo,La Rioja,30002522,Argentina
238,Diagonal San Juan N° 532,Bahía Blanca,Misiones,Misiones,Barracas,Misiones,53603113,Argentina
239,Blv. San Salvador de Jujuy N° 898,Comodoro Rivadavia,Neuquén,Neuquén,Palermo,Neuquén,10045624,Argentina
240,Calle Omar Nuñez N° 648,Rawson,Buenos Aires,Buenos Aires,Caballito,Buenos Aires,30002851,Argentina
241,Av. Mitre N° 26,Ushuaia,Buenos Aires,Buenos Aires,Villa Crespo,Buenos Aires,31002312,Argentina
242,Avenida 7 N° 3471,Ushuaia,Córdoba,Córdoba,Recoleta,Córdoba,54005972,Argentina
243,Avenida 9 N° 98,Santa Fe,San Juan,San Juan,San Telmo,San Juan,35001294,Argentina
244,Calle 7 N° 189,Córdoba,Chaco,Chaco,Recoleta,Chaco,90002858,Argentina
245,Calle Santa Fe N° 78,La Rioja,Jujuy,Jujuy,Belgrano,Jujuy,44001653,Argentina
246,Av. Merlo N° 782,Mendoza,Entre Ríos,Entre Ríos,Belgrano,Entre Ríos,57006954,Argentina
247,Calle San Juan N° 46,Río Gallegos,Formosa,Formosa,Caballito,Formosa,34003543,Argentina
248,Diag. Malvinas Argentinas N° 799,Posadas,Tucumán,Tucumán,San Telmo,Tucumán,40002603,Argentina
249,Calle Salta N° 790,Córdoba,Córdoba,Córdoba,Belgrano,Córdoba,76000129,Argentina
250,Avenida Formosa N° 719,Chilecito,Buenos Aires,Buenos Aires,Belgrano,Buenos Aires,91032416,Argentina
251,Calle Merlo N° 468,Bahía Blanca,Tucumán,Tucumán,Boedo,Tucumán,90000035,Argentina
252,Diagonal Formosa N° 865,La Rioja,Misiones,Misiones,San Telmo,Misiones,10042312,Argentina
253,Boulevard Jujuy N° 518,Mendoza,Neuquén,Neuquén,Flores,Neuquén,54003827,Argentina
254,Calle Güemes N° 477,San Juan,Tierra del Fuego,Tierra del Fuego,San Telmo,Tierra del Fuego,94009736,Argentina
255,Blv. Santa Rosa N° 788,Santa Fe,La Pampa,La Pampa,Palermo,La Pampa,33004946,Argentina
256,Camino San Martin N° 431,La Rioja,Catamarca,Catamarca,Caballito,Catamarca,33008775,Argentina
257,Av. Belgrano N° 85,Comodoro Rivadavia,Río Negro,Río Negro,Belgrano,Río Negro,94105244,Argentina
258,Calle 9 N° 28,Viedma,San Luis,San Luis,Belgrano,San Luis,91030423,Argentina
259,Av. San Luis N° 7728,Neuquén,Salta,Salta,Belgrano,Salta,47002632,Argentina
260,Avenida Santa Fe N° 85,Formosa,La Rioja,La Rioja,Barracas,La Rioja,47005872,Argentina
261,Camino Alem N° 21,Viedma,Río Negro,Río Negro,Palermo,Río Negro,80002075,Argentina
262,Diagonal Formosa N° 9269,Córdoba,Santa Cruz,Santa Cruz,San Telmo,Santa Cruz,58815766,Argentina
263,Calle 9 N° 730,La Rioja,Mendoza,Mendoza,Flores,Mendoza,44006778,Argentina
264,Blv. J.M. de Rosas N° 717,Comodoro Rivadavia,San Luis,San Luis,Belgrano,San Luis,63007149,Argentina
265,Diagonal Chaco N° 473,Constitución,Mendoza,Mendoza,Villa Crespo,Mendoza,42008928,Argentina
266,Boulevard Malvinas Argentinas N° 3365,Neuquén,Mendoza,Mendoza,Palermo,Mendoza,10047992,Argentina
267,Calle 4 N° 2590,Rosario,Catamarca,Catamarca,Palermo,Catamarca,40007007,Argentina
268,Avenida Pte. Perón N° 419,Resistencia,Chubut,Chubut,Boedo,Chubut,94105287,Argentina
269,Avenida Resistencia N° 886,Comodoro Rivadavia,Mendoza,Mendoza,Flores,Mendoza,30002081,Argentina
270,Av. San Miguel de Tucumán N° 4599,San Ferando del Valle de Catamarca,Neuquén,Neuquén,Palermo,Neuquén,91031997,Argentina
271,Avenida San Salvador de Jujuy N° 8764,Comodoro Rivadavia,Tierra del Fuego,Tierra del Fuego,San Telmo,Tierra del Fuego,58810633,Argentina
272,Calle 4 N° 5982,Posadas,Buenos Aires,Buenos Aires,Flores,Buenos Aires,80004382,Argentina
273,Blv. Entre Ríos N° 938,Río Gallegos,Neuquén,Neuquén,Boedo,Neuquén,94106552,Argentina
274,Av. Entre Ríos N° 595,La Rioja,Formosa,Formosa,Villa Crespo,Formosa,42006972,Argentina
275,Boulevard Río Gallegos N° 81,San Juan,Tierra del Fuego,Tierra del Fuego,Flores,Tierra del Fuego,42005973,Argentina
276,Diagonal Córdoba N° 628,Constitución,Formosa,Formosa,Belgrano,Formosa,76007996,Argentina
277,Diag. Rivadavia N° 6583,San Salvador de Jujuy,Tierra del Fuego,Tierra del Fuego,Flores,Tierra del Fuego,53602982,Argentina
278,Calle Bahía Blanca N° 725,Resistencia,Salta,Salta,Barracas,Salta,53606992,Argentina
279,Camino 5 N° 331,San Luis,La Pampa,La Pampa,Recoleta,La Pampa,54009237,Argentina
280,Calle Mar del Plata N° 555,Bahía Blanca,Jujuy,Jujuy,Recoleta,Jujuy,53008855,Argentina
281,Diag. Rivadavia N° 726,Santa Fe,Chubut,Chubut,San Telmo,Chubut,91038231,Argentina
282,Avenida Santiago del Estero N° 8584,Constitución,Tucumán,Tucumán,Belgrano,Tucumán,47004352,Argentina
283,Av. J.B. Alberdi N° 62,Mendoza,Río Negro,Río Negro,Barracas,Río Negro,30007497,Argentina
284,Av. 8 N° 697,San Ferando del Valle de Catamarca,Salta,Salta,Palermo,Salta,94107386,Argentina
285,Blv. Rivadavia N° 24,Rawson,Córdoba,Córdoba,Retiro,Córdoba,46004307,Argentina
286,Camino Belgrano N° 784,La Rioja,Chubut,Chubut,Flores,Chubut,36005642,Argentina
287,Boulevard 4 N° 954,San Juan,Corrientes,Corrientes,Belgrano,Corrientes,80003380,Argentina
288,Av. Güemes N° 73,Rawson,Santa Cruz,Santa Cruz,Palermo,Santa Cruz,94105312,Argentina
289,Av. Santiago del Estero N° 563,Río Gallegos,Chubut,Chubut,Recoleta,Chubut,90008867,Argentina
290,Diagonal Posadas N° 64,Rawson,Chaco,Chaco,Caballito,Chaco,36003763,Argentina
291,Diagonal Paraná N° 843,Chilecito,La Pampa,La Pampa,Caballito,La Pampa,85005916,Argentina
292,Diagonal Rivadavia N° 4732,La Plata,La Rioja,La Rioja,Caballito,La Rioja,10049950,Argentina
293,Avenida Santa Rosa N° 102,La Plata,Corrientes,Corrientes,Villa Crespo,Corrientes,34003121,Argentina
294,Boulevard 3 N° 2699,Formosa,Río Negro,Río Negro,San Telmo,Río Negro,91037054,Argentina
295,Calle 2 N° 831,Salta,Chubut,Chubut,Belgrano,Chubut,83006661,Argentina
296,Calle Resistencia N° 662,Bahía Blanca,Chubut,Chubut,Villa Crespo,Chubut,63005121,Argentina
297,Av. Misiones N° 288,Constitución,Misiones,Misiones,Caballito,Misiones,33005375,Argentina
298,Diagonal San Ferando del Valle de Catamarca N° 575,Rosario,Catamarca,Catamarca,Retiro,Catamarca,54001258,Argentina
299,Av. 3 N° 762,Santa Rosa,Chubut,Chubut,San Telmo,Chubut,91037129,Argentina
300,Av. Chubut N° 411,Ushuaia,Misiones,Misiones,Caballito,Misiones,57005759,Argentina
301,Avenida Santa Rosa N° 12,Santa Rosa,La Pampa,La Pampa,Recoleta,La Pampa,94003848,Argentina
302,Blv. Ciudad Autónoma de Buenos Aires N° 5453,San Luis,Chubut,Chubut,Retiro,Chubut,91034175,Argentina
303,Avenida Güemes N° 818,Posadas,Buenos Aires,Buenos Aires,Belgrano,Buenos Aires,57003610,Argentina
304,Avenida Santa Fe N° 8042,Formosa,Chubut,Chubut,Villa Crespo,Chubut,53009784,Argentina
305,Av. San Luis N° 21,Viedma,Tucumán,Tucumán,Retiro,Tucumán,34007154,Argentina
306,Camino Jujuy N° 998,Viedma,Chaco,Chaco,Villa Crespo,Chaco,57007878,Argentina
307,Diagonal 5 N° 37,Resistencia,Santiago del Estero,Santiago del Estero,Palermo,Santiago del Estero,30004755,Argentina
308,Diagonal Belgrano N° 414,Mar del Plata,Neuquén,Neuquén,Barracas,Neuquén,40005881,Argentina
309,Camino Entre Ríos N° 4696,Ushuaia,Salta,Salta,Villa Crespo,Salta,53602448,Argentina
310,Diagonal 4 N° 5280,Constitución,Tierra del Fuego,Tierra del Fuego,Boedo,Tierra del Fuego,40007030,Argentina
311,Diagonal Neuquén N° 275,Bahía Blanca,Chubut,Chubut,Recoleta,Chubut,85000513,Argentina
312,Avenida San Salvador de Jujuy N° 439,Viedma,San Luis,San Luis,Flores,San Luis,55009679,Argentina
313,Av. Salta N° 99,Santa Rosa,Tierra del Fuego,Tierra del Fuego,Palermo,Tierra del Fuego,44009464,Argentina
314,Diag. Mar del Plata N° 114,Río Gallegos,Formosa,Formosa,Recoleta,Formosa,53008024,Argentina
315,Avenida Tierra del Fuego N° 7080,Ushuaia,Misiones,Misiones,Recoleta,Misiones,76007958,Argentina
316,Calle Paraná N° 26,Resistencia,Catamarca,Catamarca,Villa Crespo,Catamarca,90007495,Argentina
317,Avenida Rawson N° 41,San Ferando del Valle de Catamarca,Jujuy,Jujuy,Villa Crespo,Jujuy,53002708,Argentina
318,Calle 5 N° 624,Bahía Blanca,Santiago del Estero,Santiago del Estero,Recoleta,Santiago del Estero,35003597,Argentina
319,Diagonal San Luis N° 751,Comodoro Rivadavia,Santa Fe,Santa Fe,Belgrano,Santa Fe,46006298,Argentina
320,Diagonal J.M. de Rosas N° 7139,Chilecito,Formosa,Formosa,Caballito,Formosa,94002165,Argentina
321,Avenida San Ferando del Valle de Catamarca N° 1466,Viedma,Entre Ríos,Entre Ríos,Villa Crespo,Entre Ríos,58816640,Argentina
322,Avenida San Luis N° 195,San Luis,Entre Ríos,Entre Ríos,Recoleta,Entre Ríos,58816657,Argentina
323,Avenida 3 N° 828,Chilecito,Formosa,Formosa,Villa Crespo,Formosa,35006049,Argentina
324,Avenida Salta N° 18,Neuquén,Río Negro,Río Negro,Barracas,Río Negro,94105188,Argentina
325,Calle Alem N° 8833,Salta,Tucumán,Tucumán,Boedo,Tucumán,80007854,Argentina
326,Diagonal Neuquén N° 351,Resistencia,Salta,Salta,Recoleta,Salta,44005228,Argentina
327,Calle Salta N° 651,Rosario,Misiones,Misiones,Villa Crespo,Misiones,53009880,Argentina
328,Avenida Pte. Perón N° 2046,Merlo,Formosa,Formosa,Villa Crespo,Formosa,53005963,Argentina
329,Diagonal Tucumán N° 326,Santa Rosa,Río Negro,Río Negro,Retiro,Río Negro,76006020,Argentina
330,Avenida Catamarca N° 7692,San Luis,Chaco,Chaco,Flores,Chaco,31009903,Argentina
331,Avenida 3 N° 811,Río Gallegos,Misiones,Misiones,Belgrano,Misiones,20002754,Argentina
332,Diagonal Santa Rosa N° 46,San Juan,Entre Ríos,Entre Ríos,Recoleta,Entre Ríos,36001790,Argentina
333,Diagonal Comodoro Rivadavia N° 928,Viedma,Formosa,Formosa,Palermo,Formosa,47002214,Argentina
334,Av. Santa Fe N° 74,Bahía Blanca,Santa Cruz,Santa Cruz,Boedo,Santa Cruz,91032544,Argentina
335,Diagonal Güemes N° 9957,Mendoza,Chubut,Chubut,Caballito,Chubut,58815912,Argentina
336,Av. Mar del Plata N° 313,Chilecito,Buenos Aires,Buenos Aires,Caballito,Buenos Aires,31001006,Argentina
337,Calle La Pampa N° 57,Bahía Blanca,Entre Ríos,Entre Ríos,Villa Crespo,Entre Ríos,63000414,Argentina
338,Diag. Omar Nuñez N° 253,Mar del Plata,Jujuy,Jujuy,Caballito,Jujuy,20000310,Argentina
339,Diagonal Misiones N° 261,Córdoba,Córdoba,Córdoba,Barracas,Córdoba,50000193,Argentina
340,Blv. 4 N° 31,San Miguel de Tucumán,Chaco,Chaco,Palermo,Chaco,58819643,Argentina
341,Av. Ushuaia N° 8433,Posadas,Salta,Salta,Caballito,Salta,63003859,Argentina
342,Blv. Santa Cruz N° 72,Mendoza,Neuquén,Neuquén,Recoleta,Neuquén,19009151,Argentina
343,Calle Catamarca N° 737,Río Gallegos,Buenos Aires,Buenos Aires,Recoleta,Buenos Aires,55005550,Argentina
344,Calle Mendoza N° 514,Corrientes,Chubut,Chubut,Barracas,Chubut,42006221,Argentina
345,Calle 7 N° 71,La Rioja,Río Negro,Río Negro,San Telmo,Río Negro,44008042,Argentina
346,Av. Ciudad Autónoma de Buenos Aires N° 61,Santiago del Estero,Catamarca,Catamarca,Caballito,Catamarca,47008158,Argentina
347,Avenida Santa Rosa N° 1168,Neuquén,Tucumán,Tucumán,Flores,Tucumán,30003068,Argentina
348,Camino Ciudad Autónoma de Buenos Aires N° 686,Santiago del Estero,Chaco,Chaco,Flores,Chaco,47007703,Argentina
349,Calle Resistencia N° 2475,Rawson,Tierra del Fuego,Tierra del Fuego,Flores,Tierra del Fuego,42000231,Argentina
350,Av. San Martin N° 97,San Luis,Río Negro,Río Negro,Retiro,Río Negro,90005266,Argentina
351,Avenida 6 N° 58,San Miguel de Tucumán,Chaco,Chaco,Palermo,Chaco,57003407,Argentina
352,Diagonal San Martin N° 241,Rosario,Chaco,Chaco,Flores,Chaco,94005299,Argentina
353,Avenida Bahía Blanca N° 244,Constitución,Misiones,Misiones,San Telmo,Misiones,33008412,Argentina
354,Avenida Córdoba N° 47,San Ferando del Valle de Catamarca,Chaco,Chaco,Retiro,Chaco,91032667,Argentina
355,Diagonal Formosa N° 477,Santiago del Estero,Río Negro,Río Negro,Belgrano,Río Negro,85004956,Argentina
356,Avenida Jujuy N° 79,Santa Fe,La Pampa,La Pampa,Caballito,La Pampa,30002343,Argentina
357,Calle 3 N° 269,Formosa,Neuquén,Neuquén,Palermo,Neuquén,54008251,Argentina
358,Avenida Rivadavia N° 5773,Viedma,San Luis,San Luis,Villa Crespo,San Luis,55006368,Argentina
359,Av. Neuquén N° 175,Rawson,Santa Fe,Santa Fe,Flores,Santa Fe,50003232,Argentina
360,Boulevard Formosa N° 99,Comodoro Rivadavia,Entre Ríos,Entre Ríos,San Telmo,Entre Ríos,85000027,Argentina
361,Av. Misiones N° 3993,San Juan,Tucumán,Tucumán,Retiro,Tucumán,53008345,Argentina
362,Av. Catamarca N° 585,Santa Fe,Salta,Salta,Belgrano,Salta,20007799,Argentina
363,Avenida Rivadavia N° 23,Salta,Chubut,Chubut,Retiro,Chubut,47003520,Argentina
364,Diagonal Chubut N° 2180,San Ferando del Valle de Catamarca,Chubut,Chubut,Villa Crespo,Chubut,63002037,Argentina
365,Calle Río Negro N° 95,Posadas,San Juan,San Juan,San Telmo,San Juan,63006993,Argentina
366,Av. 7 N° 2224,Santa Rosa,Chubut,Chubut,Barracas,Chubut,94106723,Argentina
367,Av. J.M. de Rosas N° 6526,Corrientes,Mendoza,Mendoza,Retiro,Mendoza,80000749,Argentina
368,Avenida Merlo N° 886,San Ferando del Valle de Catamarca,Santa Cruz,Santa Cruz,Flores,Santa Cruz,10045476,Argentina
369,Av. 8 N° 901,San Ferando del Valle de Catamarca,Mendoza,Mendoza,Retiro,Mendoza,80003794,Argentina
370,Av. Santiago del Estero N° 914,Salta,Neuquén,Neuquén,Caballito,Neuquén,20001635,Argentina
371,Calle 6 N° 6233,Córdoba,Formosa,Formosa,Recoleta,Formosa,80001205,Argentina
372,Avenida J.J. Castelli N° 5988,Formosa,Córdoba,Córdoba,Recoleta,Córdoba,50000295,Argentina
373,Av. San Luis N° 12,San Juan,Salta,Salta,Caballito,Salta,83006788,Argentina
374,Av. Viedma N° 86,Rosario,La Pampa,La Pampa,San Telmo,La Pampa,83003999,Argentina
375,Diagonal Saavedra N° 181,San Salvador de Jujuy,Santa Cruz,Santa Cruz,Villa Crespo,Santa Cruz,63003523,Argentina
376,Blv. 2 N° 2328,Córdoba,Río Negro,Río Negro,Caballito,Río Negro,91030534,Argentina
377,Diagonal 4 N° 41,San Ferando del Valle de Catamarca,Catamarca,Catamarca,Villa Crespo,Catamarca,35002299,Argentina
378,Calle 194 B N° 156,Formosa,Jujuy,Jujuy,Recoleta,Jujuy,58814410,Argentina
379,Diagonal Corrientes N° 12,Merlo,Tucumán,Tucumán,Retiro,Tucumán,85004164,Argentina
380,Diagonal La Rioja N° 859,Salta,Formosa,Formosa,Barracas,Formosa,80002714,Argentina
381,Av. Mendoza N° 735,Bahía Blanca,Santa Cruz,Santa Cruz,Barracas,Santa Cruz,42004404,Argentina
382,Av. Güemes N° 485,La Rioja,Tucumán,Tucumán,Barracas,Tucumán,80001389,Argentina
383,Diagonal 6 N° 887,Salta,Tierra del Fuego,Tierra del Fuego,Villa Crespo,Tierra del Fuego,90005110,Argentina
384,Diagonal Mendoza N° 8159,La Rioja,San Juan,San Juan,Flores,San Juan,54003594,Argentina
385,Boulevard 2 N° 6484,Ushuaia,La Pampa,La Pampa,Villa Crespo,La Pampa,83000711,Argentina
386,Diagonal Corrientes N° 863,Rosario,Chaco,Chaco,Villa Crespo,Chaco,53608165,Argentina
387,Calle Río Gallegos N° 31,Merlo,Chubut,Chubut,San Telmo,Chubut,94102166,Argentina
388,Avenida San Miguel de Tucumán N° 79,Bahía Blanca,Formosa,Formosa,San Telmo,Formosa,53002343,Argentina
389,Blv. 2 N° 848,Santiago del Estero,Tierra del Fuego,Tierra del Fuego,Recoleta,Tierra del Fuego,40009995,Argentina
390,Calle Posadas N° 742,Mar del Plata,Santa Fe,Santa Fe,San Telmo,Santa Fe,36004857,Argentina
391,Av. Entre Ríos N° 6468,Rosario,San Juan,San Juan,Palermo,San Juan,40006276,Argentina
392,Diagonal Jujuy N° 58,San Juan,La Pampa,La Pampa,Boedo,La Pampa,10047646,Argentina
393,Boulevard Río Gallegos N° 5431,Posadas,Córdoba,Córdoba,San Telmo,Córdoba,53005297,Argentina
394,Diagonal 9 N° 35,Neuquén,San Juan,San Juan,Retiro,San Juan,63007905,Argentina
395,Avenida San Luis N° 79,San Salvador de Jujuy,Misiones,Misiones,Flores,Misiones,33000081,Argentina
396,Diagonal 7 N° 48,Santa Rosa,Misiones,Misiones,San Telmo,Misiones,50009249,Argentina
397,Diagonal G. Brown N° 445,Santa Rosa,San Luis,San Luis,Villa Crespo,San Luis,53009784,Argentina
398,Avenida 2 N° 83,Río Gallegos,Tierra del Fuego,Tierra del Fuego,Belgrano,Tierra del Fuego,35006290,Argentina
399,Diag. La Pampa N° 395,Posadas,Catamarca,Catamarca,Flores,Catamarca,20008662,Argentina
400,Diagonal 7 N° 57,Salta,Neuquén,Neuquén,San Telmo,Neuquén,57002328,Argentina
401,Av. San Miguel de Tucumán N° 913,Santa Rosa,Neuquén,Neuquén,Palermo,Neuquén,90003898,Argentina
402,Calle 154 B N° 385,Merlo,Formosa,Formosa,Belgrano,Formosa,53001445,Argentina
403,Av. 6 N° 1737,Neuquén,Entre Ríos,Entre Ríos,Barracas,Entre Ríos,53602347,Argentina
404,Avenida Salta N° 808,Constitución,Jujuy,Jujuy,Flores,Jujuy,76007328,Argentina
405,Avenida 3 N° 99,Santa Rosa,Entre Ríos,Entre Ríos,Caballito,Entre Ríos,76004692,Argentina
406,Av. Misiones N° 303,Merlo,Neuquén,Neuquén,Flores,Neuquén,94100320,Argentina
407,Av. 8 N° 1842,La Rioja,San Luis,San Luis,Villa Crespo,San Luis,94006377,Argentina
408,Diag. 8 N° 381,Rosario,Córdoba,Córdoba,Villa Crespo,Córdoba,34009456,Argentina
409,Av. Alvear N° 38,Comodoro Rivadavia,San Luis,San Luis,Recoleta,San Luis,58812879,Argentina
410,Diag. San Martin N° 734,Rawson,San Juan,San Juan,Palermo,San Juan,46000989,Argentina
411,Calle 9 N° 176,San Salvador de Jujuy,Catamarca,Catamarca,Retiro,Catamarca,42003418,Argentina
412,Diagonal 5 N° 473,Constitución,Córdoba,Córdoba,San Telmo,Córdoba,10048141,Argentina
413,Calle Córdoba N° 989,Rawson,Chubut,Chubut,Retiro,Chubut,34000794,Argentina
414,Calle 4 N° 9914,Neuquén,Mendoza,Mendoza,Caballito,Mendoza,53608905,Argentina
415,Calle 2 N° 691,Bahía Blanca,Salta,Salta,Recoleta,Salta,34005338,Argentina
416,Calle 3 N° 432,Corrientes,Santa Fe,Santa Fe,Boedo,Santa Fe,35006081,Argentina
417,Camino Resistencia N° 630,Santa Fe,Entre Ríos,Entre Ríos,Palermo,Entre Ríos,10040033,Argentina
418,Diagonal 4 N° 69,Ushuaia,Formosa,Formosa,Villa Crespo,Formosa,40008461,Argentina
419,Boulevard 2 N° 919,Paraná,Formosa,Formosa,Palermo,Formosa,80003565,Argentina
420,Avenida Malvinas Argentinas N° 637,Bahía Blanca,Buenos Aires,Buenos Aires,Palermo,Buenos Aires,30004497,Argentina
421,Avenida Jujuy N° 657,Neuquén,Buenos Aires,Buenos Aires,San Telmo,Buenos Aires,36001262,Argentina
422,Avenida Buenos Aires N° 108,Neuquén,Tucumán,Tucumán,Villa Crespo,Tucumán,53007186,Argentina
423,Diagonal Alem N° 499,Santa Rosa,La Rioja,La Rioja,Recoleta,La Rioja,34009434,Argentina
424,Diagonal Corrientes N° 721,Corrientes,Misiones,Misiones,Palermo,Misiones,85002683,Argentina
425,Calle Pte. Perón N° 32,Formosa,Mendoza,Mendoza,Barracas,Mendoza,94104242,Argentina
426,Av. Comodoro Rivadavia N° 565,Chilecito,Córdoba,Córdoba,Barracas,Córdoba,53607874,Argentina
427,Diagonal Pte. Perón N° 210,Salta,San Luis,San Luis,San Telmo,San Luis,50007196,Argentina
428,Diag. Malvinas Argentinas N° 81,San Miguel de Tucumán,Córdoba,Córdoba,Recoleta,Córdoba,31008084,Argentina
429,Av. Rawson N° 117,San Ferando del Valle de Catamarca,Santa Cruz,Santa Cruz,Retiro,Santa Cruz,54001643,Argentina
430,Av. Santa Fe N° 32,San Miguel de Tucumán,San Juan,San Juan,Belgrano,San Juan,47002774,Argentina
431,Avenida Rivadavia N° 327,Mendoza,Corrientes,Corrientes,Flores,Corrientes,53609099,Argentina
432,Diagonal Santa Fe N° 71,Río Gallegos,Tucumán,Tucumán,San Telmo,Tucumán,44001061,Argentina
433,Av. Ciudad Autónoma de Buenos Aires N° 8343,Salta,Entre Ríos,Entre Ríos,Palermo,Entre Ríos,33008918,Argentina
434,Avenida Mitre N° 488,Córdoba,Chaco,Chaco,Caballito,Chaco,40004800,Argentina
435,Calle Formosa N° 7198,Neuquén,Jujuy,Jujuy,Boedo,Jujuy,31008061,Argentina
436,Diagonal 9 N° 91,Comodoro Rivadavia,Tucumán,Tucumán,Barracas,Tucumán,90009187,Argentina
437,Calle Santa Cruz N° 84,Mendoza,La Rioja,La Rioja,Boedo,La Rioja,42003840,Argentina
438,Calle Ciudad Autónoma de Buenos Aires N° 2194,Río Gallegos,Formosa,Formosa,Caballito,Formosa,63009331,Argentina
439,Avenida J.M. de Rosas N° 746,Neuquén,Catamarca,Catamarca,Villa Crespo,Catamarca,58811074,Argentina
440,Av. Misiones N° 9437,Neuquén,Formosa,Formosa,Villa Crespo,Formosa,50002835,Argentina
441,Av. La Rioja N° 877,Córdoba,Tucumán,Tucumán,Villa Crespo,Tucumán,35000648,Argentina
442,Diag. Alvear N° 51,Bahía Blanca,Formosa,Formosa,Palermo,Formosa,31002470,Argentina
443,Calle 1 N° 215,Santiago del Estero,Santa Cruz,Santa Cruz,Boedo,Santa Cruz,33003164,Argentina
444,Diag. 1 N° 461,Viedma,Formosa,Formosa,Barracas,Formosa,85005063,Argentina
445,Diagonal San Juan N° 59,Paraná,Misiones,Misiones,Caballito,Misiones,83005635,Argentina
446,Avenida Córdoba N° 454,Corrientes,San Luis,San Luis,San Telmo,San Luis,76002954,Argentina
447,Av. Salta N° 685,Río Gallegos,Tucumán,Tucumán,Barracas,Tucumán,94001894,Argentina
448,Avenida Güemes N° 4359,Santiago del Estero,Neuquén,Neuquén,Caballito,Neuquén,35007523,Argentina
449,Avenida Neuquén N° 947,Córdoba,Chaco,Chaco,Barracas,Chaco,34000987,Argentina
450,Blv. Belgrano N° 2677,Merlo,Santa Cruz,Santa Cruz,Retiro,Santa Cruz,46003472,Argentina
451,Camino Jujuy N° 240,Neuquén,Chubut,Chubut,Boedo,Chubut,85006631,Argentina
452,Calle San Salvador de Jujuy N° 121,Formosa,La Rioja,La Rioja,Belgrano,La Rioja,91032847,Argentina
453,Av. G. Brown N° 319,Santa Rosa,Río Negro,Río Negro,Recoleta,Río Negro,83009528,Argentina
454,Av. Alvear N° 212,Posadas,Santiago del Estero,Santiago del Estero,Flores,Santiago del Estero,44001533,Argentina
455,Diagonal Santa Cruz N° 919,San Juan,Tierra del Fuego,Tierra del Fuego,Recoleta,Tierra del Fuego,44001017,Argentina
456,Boulevard San Martin N° 126,Constitución,Santiago del Estero,Santiago del Estero,Villa Crespo,Santiago del Estero,90002144,Argentina
457,Diagonal 4 N° 927,Posadas,Jujuy,Jujuy,Palermo,Jujuy,33003949,Argentina
458,Avenida 5 N° 35,Chilecito,Mendoza,Mendoza,Flores,Mendoza,10041951,Argentina
459,Calle 9 N° 93,San Salvador de Jujuy,Chaco,Chaco,Caballito,Chaco,40008752,Argentina
460,Calle 7 N° 899,La Rioja,Córdoba,Córdoba,Villa Crespo,Córdoba,83009495,Argentina
461,Diag. San Miguel de Tucumán N° 45,Santa Rosa,La Pampa,La Pampa,Retiro,La Pampa,58816272,Argentina
462,Calle J.B. Alberdi N° 958,Chilecito,Entre Ríos,Entre Ríos,Retiro,Entre Ríos,20009516,Argentina
463,Avenida 8 N° 849,San Ferando del Valle de Catamarca,Tierra del Fuego,Tierra del Fuego,Palermo,Tierra del Fuego,57001988,Argentina
464,Calle Rosario N° 8711,Córdoba,Santiago del Estero,Santiago del Estero,Retiro,Santiago del Estero,20007409,Argentina
465,Diagonal Rivadavia N° 4269,Posadas,Jujuy,Jujuy,Belgrano,Jujuy,35006273,Argentina
466,Av. Alvear N° 134,La Rioja,Misiones,Misiones,San Telmo,Misiones,42002086,Argentina
467,Diagonal Chilecito N° 306,Resistencia,Tierra del Fuego,Tierra del Fuego,Barracas,Tierra del Fuego,57005760,Argentina
468,Blv. 1 N° 880,Chilecito,Santa Fe,Santa Fe,Palermo,Santa Fe,54000296,Argentina
469,Av. Ciudad Autónoma de Buenos Aires N° 681,Santa Fe,Neuquén,Neuquén,Palermo,Neuquén,42009220,Argentina
470,Calle Alem N° 4247,Corrientes,Misiones,Misiones,Retiro,Misiones,76007954,Argentina
471,Diagonal Misiones N° 839,Santa Fe,Tucumán,Tucumán,San Telmo,Tucumán,31004698,Argentina
472,Av. Belgrano N° 1321,Constitución,Formosa,Formosa,San Telmo,Formosa,54006360,Argentina
473,Av. Comodoro Rivadavia N° 536,Neuquén,Santa Fe,Santa Fe,Villa Crespo,Santa Fe,34002745,Argentina
474,Avenida Catamarca N° 7683,Corrientes,Santiago del Estero,Santiago del Estero,Boedo,Santiago del Estero,83001244,Argentina
475,Avenida Rivadavia N° 921,Merlo,Mendoza,Mendoza,Belgrano,Mendoza,36002297,Argentina
476,Diagonal La Rioja N° 538,La Plata,Tierra del Fuego,Tierra del Fuego,Caballito,Tierra del Fuego,20003108,Argentina
477,Av. Chilecito N° 512,Viedma,Santiago del Estero,Santiago del Estero,Villa Crespo,Santiago del Estero,50004861,Argentina
478,Avenida Santiago del Estero N° 780,Córdoba,Santa Fe,Santa Fe,Palermo,Santa Fe,55009787,Argentina
479,Diagonal Santiago del Estero N° 942,La Rioja,San Luis,San Luis,Flores,San Luis,47006139,Argentina
480,Diagonal San Luis N° 282,San Juan,Tucumán,Tucumán,San Telmo,Tucumán,33000356,Argentina
481,Calle Ciudad Autónoma de Buenos Aires N° 6162,Constitución,Misiones,Misiones,Villa Crespo,Misiones,34007104,Argentina
482,Calle 1 N° 855,San Juan,La Pampa,La Pampa,San Telmo,La Pampa,90003132,Argentina
483,Av. Neuquén N° 3189,San Miguel de Tucumán,Catamarca,Catamarca,Caballito,Catamarca,42001968,Argentina
484,Av. Río Negro N° 1573,San Luis,Mendoza,Mendoza,San Telmo,Mendoza,40007892,Argentina
485,Diagonal 3 N° 38,Santiago del Estero,Santiago del Estero,Santiago del Estero,Recoleta,Santiago del Estero,36005186,Argentina
486,Av. 5 N° 9515,San Miguel de Tucumán,Salta,Salta,Villa Crespo,Salta,85002824,Argentina
487,Av. San Ferando del Valle de Catamarca N° 63,Ushuaia,Chaco,Chaco,Retiro,Chaco,53007164,Argentina
488,Calle 1 N° 93,Santa Rosa,San Luis,San Luis,Retiro,San Luis,34006535,Argentina
489,Av. Alem N° 261,Resistencia,Chaco,Chaco,Belgrano,Chaco,91034909,Argentina
490,Calle 8 N° 832,San Ferando del Valle de Catamarca,Buenos Aires,Buenos Aires,Recoleta,Buenos Aires,33007351,Argentina
491,Calle Misiones N° 89,Neuquén,Salta,Salta,Barracas,Salta,53605711,Argentina
492,Calle Jujuy N° 4124,Córdoba,Chaco,Chaco,Belgrano,Chaco,20000774,Argentina
493,Avenida Mendoza N° 8939,La Rioja,Entre Ríos,Entre Ríos,Belgrano,Entre Ríos,31008262,Argentina
494,Diagonal 2 N° 79,Constitución,La Pampa,La Pampa,San Telmo,La Pampa,94001004,Argentina
495,Avenida Pte. Perón N° 84,Santa Fe,Buenos Aires,Buenos Aires,Barracas,Buenos Aires,94107635,Argentina
496,Blv. Resistencia N° 203,San Miguel de Tucumán,Chubut,Chubut,Caballito,Chubut,91032267,Argentina
497,Calle Tucumán N° 854,San Ferando del Valle de Catamarca,Corrientes,Corrientes,Barracas,Corrientes,31008798,Argentina
498,Avenida Entre Ríos N° 2380,Ushuaia,Mendoza,Mendoza,Boedo,Mendoza,20003088,Argentina
499,Av. Chilecito N° 43,Ushuaia,Chubut,Chubut,Caballito,Chubut,94004425,Argentina
500,Av. Jujuy N° 2162,San Juan,Río Negro,Río Negro,San Telmo,Río Negro,19006938,Argentina
501,Calle Neuquén N° 718,San Ferando del Valle de Catamarca,San Luis,San Luis,Recoleta,San Luis,10046519,Argentina
502,Avenida La Rioja N° 745,Santiago del Estero,Tierra del Fuego,Tierra del Fuego,Boedo,Tierra del Fuego,46004675,Argentina
503,Av. 177 B N° 614,Rosario,Chaco,Chaco,Retiro,Chaco,94008029,Argentina
504,Boulevard Viedma N° 290,Mendoza,Catamarca,Catamarca,Belgrano,Catamarca,35005613,Argentina
505,Calle Güemes N° 4031,San Ferando del Valle de Catamarca,Santiago del Estero,Santiago del Estero,Recoleta,Santiago del Estero,33009863,Argentina
506,Diagonal Mendoza N° 92,Merlo,Entre Ríos,Entre Ríos,Palermo,Entre Ríos,57003723,Argentina
507,Av. 5 N° 6171,Bahía Blanca,La Rioja,La Rioja,Villa Crespo,La Rioja,44007329,Argentina
508,Avenida 6 N° 92,Posadas,Buenos Aires,Buenos Aires,Caballito,Buenos Aires,33004476,Argentina
509,Diagonal Belgrano N° 241,Santiago del Estero,Tucumán,Tucumán,Villa Crespo,Tucumán,34003787,Argentina
510,Avenida Alem N° 79,Santa Rosa,La Rioja,La Rioja,Palermo,La Rioja,85009524,Argentina
511,Boulevard Mar del Plata N° 974,Chilecito,Chubut,Chubut,Villa Crespo,Chubut,85007590,Argentina
512,Avenida Neuquén N° 6016,Chilecito,San Juan,San Juan,Boedo,San Juan,46002909,Argentina
513,Diagonal Pte. Perón N° 8718,Formosa,Misiones,Misiones,Belgrano,Misiones,76007161,Argentina
514,Diagonal 4 N° 479,La Plata,Neuquén,Neuquén,Recoleta,Neuquén,94101605,Argentina
515,Diagonal Misiones N° 74,Viedma,Córdoba,Córdoba,Belgrano,Córdoba,55001714,Argentina
516,Calle Malvinas Argentinas N° 245,Rosario,La Pampa,La Pampa,Retiro,La Pampa,91039064,Argentina
517,Av. Formosa N° 1220,Posadas,Entre Ríos,Entre Ríos,Palermo,Entre Ríos,36006863,Argentina
518,Diag. Santiago del Estero N° 196,Rosario,Corrientes,Corrientes,Flores,Corrientes,20004863,Argentina
519,Diag. Ushuaia N° 33,Bahía Blanca,Río Negro,Río Negro,Belgrano,Río Negro,31009858,Argentina
520,Diag. Ushuaia N° 4996,Constitución,La Pampa,La Pampa,San Telmo,La Pampa,63008097,Argentina
521,Boulevard Chilecito N° 567,San Salvador de Jujuy,Salta,Salta,Boedo,Salta,35008069,Argentina
522,Diag. San Ferando del Valle de Catamarca N° 345,Resistencia,Santiago del Estero,Santiago del Estero,Recoleta,Santiago del Estero,63001711,Argentina
523,Avenida San Luis N° 4243,Corrientes,La Pampa,La Pampa,Retiro,La Pampa,47005050,Argentina
524,Calle Río Negro N° 911,Bahía Blanca,Tierra del Fuego,Tierra del Fuego,Villa Crespo,Tierra del Fuego,44001338,Argentina
525,Diagonal Rawson N° 361,Santa Rosa,Salta,Salta,San Telmo,Salta,53604473,Argentina
526,Boulevard Neuquén N° 742,La Plata,Santiago del Estero,Santiago del Estero,Caballito,Santiago del Estero,46006212,Argentina
527,Av. 6 N° 681,La Plata,Jujuy,Jujuy,Palermo,Jujuy,94106985,Argentina
528,Calle Saavedra N° 1572,La Rioja,La Rioja,La Rioja,Caballito,La Rioja,50007777,Argentina
529,Calle Misiones N° 3527,Formosa,Neuquén,Neuquén,Villa Crespo,Neuquén,50000047,Argentina
530,Calle San Juan N° 8684,San Miguel de Tucumán,Santa Fe,Santa Fe,Barracas,Santa Fe,44000911,Argentina
531,Av. Malvinas Argentinas N° 361,Neuquén,Jujuy,Jujuy,Retiro,Jujuy,36005484,Argentina
532,Diagonal 7 N° 4734,Chilecito,Chaco,Chaco,Belgrano,Chaco,94100114,Argentina
533,Blv. J.B. Alberdi N° 279,Santa Rosa,Córdoba,Córdoba,Retiro,Córdoba,35005859,Argentina
534,Diagonal Resistencia N° 195,Corrientes,Catamarca,Catamarca,Barracas,Catamarca,34001547,Argentina
535,Diag. Entre Ríos N° 85,Corrientes,La Rioja,La Rioja,Palermo,La Rioja,46006602,Argentina
536,Av. 5 N° 482,Ushuaia,Córdoba,Córdoba,San Telmo,Córdoba,19000122,Argentina
537,Calle Catamarca N° 439,Paraná,Santa Fe,Santa Fe,Retiro,Santa Fe,91034954,Argentina
538,Av. Buenos Aires N° 748,Resistencia,Catamarca,Catamarca,Belgrano,Catamarca,36007798,Argentina
539,Av. Santiago del Estero N° 751,Posadas,Entre Ríos,Entre Ríos,Barracas,Entre Ríos,91038211,Argentina
540,Calle Saavedra N° 97,San Juan,La Rioja,La Rioja,Barracas,La Rioja,83001805,Argentina
541,Diagonal 6 N° 1172,Resistencia,Entre Ríos,Entre Ríos,Boedo,Entre Ríos,35003131,Argentina
542,Blv. Río Gallegos N° 3937,San Luis,Mendoza,Mendoza,Caballito,Mendoza,58815516,Argentina
543,Avenida Jujuy N° 543,Córdoba,Mendoza,Mendoza,Retiro,Mendoza,63007449,Argentina
544,Av. San Miguel de Tucumán N° 356,San Juan,Tucumán,Tucumán,Villa Crespo,Tucumán,31000566,Argentina
545,Calle Belgrano N° 951,San Luis,Neuquén,Neuquén,Caballito,Neuquén,55007466,Argentina
546,Diagonal Mitre N° 73,Mar del Plata,Neuquén,Neuquén,Flores,Neuquén,31004119,Argentina
547,Camino Corrientes N° 559,Santa Fe,Santiago del Estero,Santiago del Estero,Retiro,Santiago del Estero,31007934,Argentina
548,Avenida Viedma N° 932,Mendoza,Río Negro,Río Negro,Belgrano,Río Negro,10049772,Argentina
549,Avenida 4 N° 5598,Neuquén,San Juan,San Juan,Boedo,San Juan,57001891,Argentina
550,Diag. Belgrano N° 756,San Luis,Santa Cruz,Santa Cruz,Caballito,Santa Cruz,10042938,Argentina
551,Av. 7 N° 59,Resistencia,Salta,Salta,Villa Crespo,Salta,91031635,Argentina
552,Diag. Pte. Perón N° 52,Rawson,Corrientes,Corrientes,Flores,Corrientes,94104396,Argentina
553,Diagonal Misiones N° 7123,Santiago del Estero,Corrientes,Corrientes,Retiro,Corrientes,50008144,Argentina
554,Diagonal Santa Fe N° 777,Merlo,La Rioja,La Rioja,Belgrano,La Rioja,20000599,Argentina
555,Diagonal 4 N° 95,Viedma,Buenos Aires,Buenos Aires,Barracas,Buenos Aires,20000194,Argentina
556,Calle 8 N° 43,Paraná,Salta,Salta,Flores,Salta,58814231,Argentina
557,Avenida Paraná N° 416,Formosa,Catamarca,Catamarca,Villa Crespo,Catamarca,33000204,Argentina
558,Av. Neuquén N° 74,Viedma,San Juan,San Juan,San Telmo,San Juan,53608231,Argentina
559,Av. Mendoza N° 673,Corrientes,Santa Cruz,Santa Cruz,Retiro,Santa Cruz,19006737,Argentina
560,Av. Salta N° 372,Salta,Salta,Salta,Palermo,Salta,53004077,Argentina
561,Av. 4 N° 291,Rawson,Chaco,Chaco,San Telmo,Chaco,19000768,Argentina
562,Diagonal Salta N° 637,Córdoba,Buenos Aires,Buenos Aires,Boedo,Buenos Aires,85003865,Argentina
563,Boulevard Alem N° 39,Santiago del Estero,Santiago del Estero,Santiago del Estero,San Telmo,Santiago del Estero,57001006,Argentina
564,Calle 3 N° 69,Posadas,Chubut,Chubut,Flores,Chubut,10040301,Argentina
565,Diagonal Rawson N° 648,Comodoro Rivadavia,Corrientes,Corrientes,Caballito,Corrientes,35000057,Argentina
566,Calle Catamarca N° 61,San Miguel de Tucumán,Santa Cruz,Santa Cruz,Villa Crespo,Santa Cruz,10043323,Argentina
567,Avenida San Juan N° 245,Ushuaia,Tierra del Fuego,Tierra del Fuego,San Telmo,Tierra del Fuego,91033440,Argentina
568,Av. 9 N° 677,Merlo,Tucumán,Tucumán,Caballito,Tucumán,80004560,Argentina
569,Avenida Corrientes N° 2065,Salta,Formosa,Formosa,Flores,Formosa,91031489,Argentina
570,Diagonal Formosa N° 237,Comodoro Rivadavia,Santa Fe,Santa Fe,San Telmo,Santa Fe,42009463,Argentina
571,Diag. Saavedra N° 37,Santa Rosa,Formosa,Formosa,Boedo,Formosa,34009925,Argentina
572,Diag. San Luis N° 199,Rosario,La Pampa,La Pampa,Retiro,La Pampa,50000661,Argentina
573,Boulevard Corrientes N° 671,San Juan,Chubut,Chubut,San Telmo,Chubut,94001327,Argentina
574,Calle G. Brown N° 762,Posadas,Tierra del Fuego,Tierra del Fuego,Barracas,Tierra del Fuego,36002967,Argentina
575,Av. Resistencia N° 97,San Juan,Neuquén,Neuquén,Retiro,Neuquén,40004242,Argentina
576,Av. 7 N° 83,Corrientes,Santiago del Estero,Santiago del Estero,Palermo,Santiago del Estero,58817687,Argentina
577,Diagonal J.B. Alberdi N° 26,Comodoro Rivadavia,Chubut,Chubut,Retiro,Chubut,19009037,Argentina
578,Calle 4 N° 9026,Viedma,Buenos Aires,Buenos Aires,Boedo,Buenos Aires,94102746,Argentina
579,Blv. Corrientes N° 21,Bahía Blanca,Mendoza,Mendoza,Recoleta,Mendoza,20007734,Argentina
580,Avenida 7 N° 263,Rosario,Corrientes,Corrientes,Recoleta,Corrientes,53008751,Argentina
581,Camino San Ferando del Valle de Catamarca N° 19,Río Gallegos,Entre Ríos,Entre Ríos,San Telmo,Entre Ríos,85001477,Argentina
582,Camino San Luis N° 3779,Ushuaia,San Juan,San Juan,Barracas,San Juan,90000768,Argentina
583,Av. La Plata N° 957,Posadas,Córdoba,Córdoba,Retiro,Córdoba,53604956,Argentina
584,Av. San Martin N° 97,La Plata,Tucumán,Tucumán,Belgrano,Tucumán,53602572,Argentina
585,Diagonal San Martin N° 386,Ushuaia,Catamarca,Catamarca,Boedo,Catamarca,33008172,Argentina
586,Avenida Mendoza N° 4368,Ushuaia,Misiones,Misiones,Flores,Misiones,19000680,Argentina
587,Diagonal Entre Ríos N° 66,Comodoro Rivadavia,Catamarca,Catamarca,Flores,Catamarca,63000193,Argentina
588,Blv. 5 N° 1974,Santiago del Estero,San Juan,San Juan,San Telmo,San Juan,54005776,Argentina
589,Av. Paraná N° 97,San Miguel de Tucumán,Mendoza,Mendoza,Retiro,Mendoza,47003526,Argentina
590,Av. Santa Rosa N° 145,San Miguel de Tucumán,Salta,Salta,Barracas,Salta,34008244,Argentina
591,Avenida Salta N° 91,Ushuaia,Corrientes,Corrientes,Belgrano,Corrientes,20002500,Argentina
592,Diagonal Buenos Aires N° 28,Posadas,Corrientes,Corrientes,Recoleta,Corrientes,40002004,Argentina
593,Diagonal Resistencia N° 215,Formosa,Córdoba,Córdoba,Palermo,Córdoba,33006727,Argentina
594,Diag. 1 N° 359,San Salvador de Jujuy,Buenos Aires,Buenos Aires,Flores,Buenos Aires,53007619,Argentina
595,Diagonal Buenos Aires N° 8127,Bahía Blanca,Buenos Aires,Buenos Aires,Boedo,Buenos Aires,30008712,Argentina
596,Calle J.J. Castelli N° 988,Neuquén,Santa Fe,Santa Fe,Belgrano,Santa Fe,53004188,Argentina
597,Diagonal Catamarca N° 912,Neuquén,Santiago del Estero,Santiago del Estero,Boedo,Santiago del Estero,85002598,Argentina
598,Calle Güemes N° 6992,Río Gallegos,Tierra del Fuego,Tierra del Fuego,Palermo,Tierra del Fuego,42008899,Argentina
599,Diagonal Salta N° 9053,La Rioja,Tierra del Fuego,Tierra del Fuego,Flores,Tierra del Fuego,42001551,Argentina
600,Diagonal G. Brown N° 451,Mar del Plata,Tucumán,Tucumán,Barracas,Tucumán,10043659,Argentina
601,Calle Corrientes N° 517,Córdoba,Santa Fe,Santa Fe,Palermo,Santa Fe,54009880,Argentina
602,Diagonal Saavedra N° 771,Santa Rosa,Corrientes,Corrientes,San Telmo,Corrientes,76005963,Argentina
603,Avenida Omar Nuñez N° 51,Río Gallegos,Catamarca,Catamarca,San Telmo,Catamarca,31004740,Argentina
604,Diagonal Santiago del Estero N° 87,San Ferando del Valle de Catamarca,La Rioja,La Rioja,Recoleta,La Rioja,53007382,Argentina
605,Boulevard Alem N° 53,Salta,Misiones,Misiones,Barracas,Misiones,83009883,Argentina
606,Boulevard Comodoro Rivadavia N° 336,Resistencia,Río Negro,Río Negro,San Telmo,Río Negro,54005201,Argentina
607,Calle Malvinas Argentinas N° 318,Merlo,La Pampa,La Pampa,San Telmo,La Pampa,19005626,Argentina
608,Av. San Salvador de Jujuy N° 613,Merlo,Entre Ríos,Entre Ríos,Belgrano,Entre Ríos,46008187,Argentina
609,Av. 8 N° 6863,Resistencia,San Luis,San Luis,San Telmo,San Luis,55006690,Argentina
610,Blv. 172 Bis N° 392,Neuquén,San Juan,San Juan,San Telmo,San Juan,44006252,Argentina
611,Diagonal Belgrano N° 667,Corrientes,Formosa,Formosa,Villa Crespo,Formosa,30002843,Argentina
612,Boulevard 192 A N° 704,Chilecito,La Pampa,La Pampa,Retiro,La Pampa,55004768,Argentina
613,Calle La Rioja N° 9269,Ushuaia,Mendoza,Mendoza,Recoleta,Mendoza,30000455,Argentina
614,Avenida 1 N° 751,La Rioja,Formosa,Formosa,Recoleta,Formosa,57002439,Argentina
615,Camino Formosa N° 7993,Merlo,Tucumán,Tucumán,San Telmo,Tucumán,36005073,Argentina
616,Diagonal Malvinas Argentinas N° 676,Ushuaia,Córdoba,Córdoba,San Telmo,Córdoba,33006884,Argentina
617,Diagonal Santiago del Estero N° 445,San Juan,Jujuy,Jujuy,Villa Crespo,Jujuy,94101350,Argentina
618,Av. Chilecito N° 79,San Juan,Santa Fe,Santa Fe,Flores,Santa Fe,30008037,Argentina
619,Boulevard Merlo N° 129,Córdoba,Formosa,Formosa,San Telmo,Formosa,33006020,Argentina
620,Av. 4 N° 73,Santa Fe,Salta,Salta,Palermo,Salta,94102516,Argentina
621,Avenida Tucumán N° 21,Santa Fe,Tierra del Fuego,Tierra del Fuego,Flores,Tierra del Fuego,42006422,Argentina
622,Av. Rivadavia N° 43,Santa Fe,Jujuy,Jujuy,Recoleta,Jujuy,54004079,Argentina
623,Av. La Rioja N° 79,Rawson,Catamarca,Catamarca,Caballito,Catamarca,76007022,Argentina
624,Avenida Rivadavia N° 190,La Rioja,Entre Ríos,Entre Ríos,Flores,Entre Ríos,44006361,Argentina
625,Calle 3 N° 54,Constitución,Santa Cruz,Santa Cruz,Caballito,Santa Cruz,94005192,Argentina
626,Diag. San Salvador de Jujuy N° 463,Mar del Plata,La Rioja,La Rioja,Palermo,La Rioja,40002210,Argentina
627,Diagonal Corrientes N° 465,Río Gallegos,Tierra del Fuego,Tierra del Fuego,Flores,Tierra del Fuego,19007559,Argentina
628,Av. Pte. Perón N° 939,Rosario,San Luis,San Luis,Boedo,San Luis,10049717,Argentina
629,Av. Comodoro Rivadavia N° 775,Constitución,Jujuy,Jujuy,Retiro,Jujuy,20003275,Argentina
630,Diagonal Santiago del Estero N° 45,Ushuaia,Santa Cruz,Santa Cruz,San Telmo,Santa Cruz,40002977,Argentina
631,Diagonal 2 N° 43,San Luis,Córdoba,Córdoba,Retiro,Córdoba,50008169,Argentina
632,Boulevard San Martin N° 933,Bahía Blanca,Neuquén,Neuquén,Barracas,Neuquén,80009452,Argentina
633,Blv. Santa Fe N° 229,Río Gallegos,La Pampa,La Pampa,Retiro,La Pampa,19005933,Argentina
634,Diagonal Formosa N° 879,La Rioja,San Juan,San Juan,Recoleta,San Juan,36009282,Argentina
635,Calle San Luis N° 207,Formosa,Río Negro,Río Negro,Retiro,Río Negro,35007283,Argentina
636,Diagonal Rosario N° 626,Chilecito,Catamarca,Catamarca,Boedo,Catamarca,10044570,Argentina
637,Calle Resistencia N° 303,Rawson,Tierra del Fuego,Tierra del Fuego,Belgrano,Tierra del Fuego,53004577,Argentina
638,Calle Rawson N° 1114,Comodoro Rivadavia,Tucumán,Tucumán,Recoleta,Tucumán,94009154,Argentina
639,Diagonal 5 N° 606,Formosa,La Rioja,La Rioja,Boedo,La Rioja,42006831,Argentina
640,Blv. Mitre N° 62,La Rioja,Río Negro,Río Negro,Villa Crespo,Río Negro,76001076,Argentina
641,Diag. Neuquén N° 26,Río Gallegos,Mendoza,Mendoza,Caballito,Mendoza,36007864,Argentina
642,Diag. La Pampa N° 8719,Santa Rosa,Santa Fe,Santa Fe,Villa Crespo,Santa Fe,54009119,Argentina
643,Av. 6 N° 84,La Plata,Santa Cruz,Santa Cruz,Villa Crespo,Santa Cruz,63009763,Argentina
644,Avenida 6 N° 4786,Neuquén,Tucumán,Tucumán,Boedo,Tucumán,46009663,Argentina
645,Diagonal Omar Nuñez N° 4291,Viedma,Catamarca,Catamarca,Flores,Catamarca,53006054,Argentina
646,Avenida 5 N° 714,Córdoba,Río Negro,Río Negro,Villa Crespo,Río Negro,34007538,Argentina
647,Diag. Comodoro Rivadavia N° 817,Mar del Plata,Formosa,Formosa,Belgrano,Formosa,63000553,Argentina
648,Avenida Saavedra N° 48,Río Gallegos,Santa Fe,Santa Fe,Boedo,Santa Fe,35009159,Argentina
649,Av. Jujuy N° 7278,Rawson,Salta,Salta,Boedo,Salta,54002042,Argentina
650,Avenida Constitución N° 967,Río Gallegos,San Juan,San Juan,Flores,San Juan,55001201,Argentina
651,Calle Alem N° 772,Rawson,Santa Cruz,Santa Cruz,Flores,Santa Cruz,54009128,Argentina
652,Av. San Juan N° 36,Bahía Blanca,Salta,Salta,Caballito,Salta,46001842,Argentina
653,Avenida Tucumán N° 786,San Miguel de Tucumán,La Rioja,La Rioja,Caballito,La Rioja,90008228,Argentina
654,Diagonal Catamarca N° 445,Posadas,Santa Cruz,Santa Cruz,Recoleta,Santa Cruz,19006131,Argentina
655,Diagonal 150 A N° 76,Neuquén,Formosa,Formosa,San Telmo,Formosa,85005348,Argentina
656,Calle Córdoba N° 781,Rawson,La Pampa,La Pampa,Palermo,La Pampa,47004307,Argentina
657,Diag. San Miguel de Tucumán N° 595,La Plata,San Luis,San Luis,Recoleta,San Luis,10043393,Argentina
658,Diagonal San Salvador de Jujuy N° 819,San Luis,Tierra del Fuego,Tierra del Fuego,Villa Crespo,Tierra del Fuego,50004811,Argentina
659,Avenida 121 A N° 691,Santa Rosa,Chaco,Chaco,Retiro,Chaco,31007930,Argentina
660,Av. Mitre N° 397,Río Gallegos,Jujuy,Jujuy,Flores,Jujuy,35006050,Argentina
661,Blv. Viedma N° 746,Resistencia,Salta,Salta,Boedo,Salta,35008548,Argentina
662,Diag. Mendoza N° 4015,Mendoza,Mendoza,Mendoza,Palermo,Mendoza,34002281,Argentina
663,Av. Belgrano N° 7747,La Plata,Formosa,Formosa,Caballito,Formosa,47004200,Argentina
664,Calle 6 N° 48,Rosario,Tierra del Fuego,Tierra del Fuego,Belgrano,Tierra del Fuego,80004632,Argentina
665,Calle San Martin N° 7780,Rawson,Mendoza,Mendoza,Belgrano,Mendoza,91031148,Argentina
666,Calle 1 N° 6436,Neuquén,Santa Fe,Santa Fe,Retiro,Santa Fe,34002518,Argentina
667,Avenida Chubut N° 235,Santa Fe,Catamarca,Catamarca,Barracas,Catamarca,19006386,Argentina
668,Calle Misiones N° 534,Chilecito,Corrientes,Corrientes,Boedo,Corrientes,94008101,Argentina
669,Diagonal 8 N° 5752,Paraná,Córdoba,Córdoba,Caballito,Córdoba,31001001,Argentina
670,Diagonal 5 N° 906,La Plata,Catamarca,Catamarca,Belgrano,Catamarca,53603455,Argentina
671,Diagonal Tucumán N° 7123,Salta,Chaco,Chaco,Boedo,Chaco,42009191,Argentina
672,Diagonal Mendoza N° 32,Rosario,San Luis,San Luis,Villa Crespo,San Luis,53601723,Argentina
673,Diagonal 1 N° 532,Merlo,Salta,Salta,Villa Crespo,Salta,83001312,Argentina
674,Avenida Neuquén N° 63,La Plata,Misiones,Misiones,Flores,Misiones,53600567,Argentina
675,Diagonal 2 N° 596,Formosa,Neuquén,Neuquén,Belgrano,Neuquén,10044337,Argentina
676,Calle Entre Ríos N° 29,Paraná,Buenos Aires,Buenos Aires,Flores,Buenos Aires,57002663,Argentina
677,Diagonal Alem N° 1374,Bahía Blanca,San Luis,San Luis,Caballito,San Luis,53003247,Argentina
678,Av. Santiago del Estero N° 912,Constitución,Misiones,Misiones,San Telmo,Misiones,40002042,Argentina
679,Av. J.M. de Rosas N° 370,Comodoro Rivadavia,Formosa,Formosa,Retiro,Formosa,55006183,Argentina
680,Av. J.M. de Rosas N° 163,La Plata,Buenos Aires,Buenos Aires,Recoleta,Buenos Aires,90009273,Argentina
681,Diagonal Rivadavia N° 46,Bahía Blanca,Tierra del Fuego,Tierra del Fuego,Caballito,Tierra del Fuego,30001601,Argentina
682,Avenida Corrientes N° 347,Rosario,Neuquén,Neuquén,San Telmo,Neuquén,46005871,Argentina
683,Boulevard Alvear N° 54,La Rioja,Entre Ríos,Entre Ríos,Barracas,Entre Ríos,85007140,Argentina
684,Calle Entre Ríos N° 484,Río Gallegos,Corrientes,Corrientes,Barracas,Corrientes,19001632,Argentina
685,Av. San Salvador de Jujuy N° 759,Santa Rosa,Santiago del Estero,Santiago del Estero,Palermo,Santiago del Estero,55001134,Argentina
686,Av. Omar Nuñez N° 416,Bahía Blanca,Buenos Aires,Buenos Aires,Palermo,Buenos Aires,55005963,Argentina
687,Av. 6 N° 29,Posadas,Salta,Salta,Boedo,Salta,10044404,Argentina
688,Av. San Martin N° 467,Mar del Plata,Córdoba,Córdoba,Villa Crespo,Córdoba,55004194,Argentina
689,Diagonal Ushuaia N° 422,San Miguel de Tucumán,Formosa,Formosa,Retiro,Formosa,44003075,Argentina
690,Calle Santa Cruz N° 186,Mendoza,San Luis,San Luis,Retiro,San Luis,35007106,Argentina
691,Av. 3 N° 7360,Rosario,Tucumán,Tucumán,Caballito,Tucumán,85008977,Argentina
692,Diagonal La Rioja N° 386,Santa Rosa,Salta,Salta,Recoleta,Salta,54002496,Argentina
693,Camino 9 N° 34,Posadas,Chaco,Chaco,San Telmo,Chaco,76009200,Argentina
694,Diagonal 8 N° 968,Rosario,Formosa,Formosa,Recoleta,Formosa,76009088,Argentina
695,Diagonal San Miguel de Tucumán N° 96,San Juan,Corrientes,Corrientes,Retiro,Corrientes,83002274,Argentina
696,Av. 193 A N° 6875,Merlo,Salta,Salta,Palermo,Salta,94100316,Argentina
697,Avenida Corrientes N° 7026,Santa Fe,Neuquén,Neuquén,Flores,Neuquén,83002197,Argentina
698,Calle Pte. Perón N° 183,Santiago del Estero,Río Negro,Río Negro,Recoleta,Río Negro,80000025,Argentina
699,Avenida 3 N° 129,Santa Fe,La Rioja,La Rioja,Villa Crespo,La Rioja,54003250,Argentina
700,Diagonal 3 N° 6182,San Ferando del Valle de Catamarca,Mendoza,Mendoza,Caballito,Mendoza,83000241,Argentina
701,Avenida 6 N° 256,Salta,Chubut,Chubut,Retiro,Chubut,46007147,Argentina
702,Camino Merlo N° 485,Salta,Santiago del Estero,Santiago del Estero,San Telmo,Santiago del Estero,85002297,Argentina
703,Diag. 5 N° 725,Ushuaia,Santa Cruz,Santa Cruz,Boedo,Santa Cruz,76002776,Argentina
704,Calle Formosa N° 640,Bahía Blanca,Jujuy,Jujuy,Boedo,Jujuy,47002072,Argentina
705,Avenida 4 N° 42,San Miguel de Tucumán,Chaco,Chaco,Belgrano,Chaco,34003158,Argentina
706,Diagonal Formosa N° 889,Comodoro Rivadavia,Catamarca,Catamarca,Barracas,Catamarca,40005917,Argentina
707,Camino 6 N° 67,San Ferando del Valle de Catamarca,La Rioja,La Rioja,Flores,La Rioja,53601356,Argentina
708,Avenida Comodoro Rivadavia N° 6393,Resistencia,San Luis,San Luis,Barracas,San Luis,33005110,Argentina
709,Diagonal Mitre N° 123,Mendoza,Buenos Aires,Buenos Aires,Palermo,Buenos Aires,19006169,Argentina
710,Av. Bahía Blanca N° 691,Río Gallegos,Chubut,Chubut,San Telmo,Chubut,57006360,Argentina
711,Diagonal Córdoba N° 764,San Ferando del Valle de Catamarca,Tucumán,Tucumán,Caballito,Tucumán,50001387,Argentina
712,Diagonal 2 N° 916,Córdoba,Tierra del Fuego,Tierra del Fuego,Recoleta,Tierra del Fuego,53004011,Argentina
713,Calle Comodoro Rivadavia N° 432,La Rioja,Tierra del Fuego,Tierra del Fuego,Boedo,Tierra del Fuego,47009553,Argentina
714,Avenida Mitre N° 811,La Plata,La Rioja,La Rioja,Belgrano,La Rioja,19000012,Argentina
715,Diagonal J.B. Alberdi N° 6693,Posadas,Mendoza,Mendoza,Villa Crespo,Mendoza,30001251,Argentina
716,Avenida J.M. de Rosas N° 6559,Corrientes,Corrientes,Corrientes,Recoleta,Corrientes,33003480,Argentina
717,Blv. Omar Nuñez N° 3320,Córdoba,Córdoba,Córdoba,Boedo,Córdoba,42001980,Argentina
718,Calle Mar del Plata N° 6732,Resistencia,La Pampa,La Pampa,Barracas,La Pampa,30007235,Argentina
719,Blv. Santiago del Estero N° 37,San Juan,Salta,Salta,Retiro,Salta,47007469,Argentina
720,Diagonal Formosa N° 933,Córdoba,Córdoba,Córdoba,Boedo,Córdoba,76006464,Argentina
721,Calle Belgrano N° 795,Ushuaia,Jujuy,Jujuy,Palermo,Jujuy,58815633,Argentina
722,Camino San Luis N° 28,Posadas,Catamarca,Catamarca,Villa Crespo,Catamarca,19007994,Argentina
723,Calle 3 N° 238,Mar del Plata,Jujuy,Jujuy,Barracas,Jujuy,31009679,Argentina
724,Diagonal Santa Cruz N° 5272,La Plata,Chubut,Chubut,Villa Crespo,Chubut,31004602,Argentina
725,Av. Formosa N° 5143,La Rioja,Córdoba,Córdoba,Caballito,Córdoba,34003462,Argentina
726,Avenida Neuquén N° 53,Resistencia,La Rioja,La Rioja,Boedo,La Rioja,63009180,Argentina
727,Calle Catamarca N° 836,Rosario,Tucumán,Tucumán,Belgrano,Tucumán,53605720,Argentina
728,Avenida 7 N° 1173,Ushuaia,Chaco,Chaco,Recoleta,Chaco,35009837,Argentina
729,Camino Rivadavia N° 613,Neuquén,Entre Ríos,Entre Ríos,Belgrano,Entre Ríos,53606952,Argentina
730,Diag. 3 N° 715,San Luis,Formosa,Formosa,Retiro,Formosa,46008632,Argentina
731,Av. Rivadavia N° 66,San Juan,Salta,Salta,Barracas,Salta,94003091,Argentina
732,Av. Ushuaia N° 38,San Juan,Santa Fe,Santa Fe,Villa Crespo,Santa Fe,53603121,Argentina
733,Av. Rosario N° 1613,Neuquén,Jujuy,Jujuy,Belgrano,Jujuy,20004472,Argentina
734,Av. 7 N° 1569,San Miguel de Tucumán,Santiago del Estero,Santiago del Estero,Boedo,Santiago del Estero,35003414,Argentina
735,Diagonal Jujuy N° 262,Paraná,Santiago del Estero,Santiago del Estero,Barracas,Santiago del Estero,44004005,Argentina
736,Avenida Alem N° 757,Rosario,San Luis,San Luis,Palermo,San Luis,94001187,Argentina
737,Calle Güemes N° 669,Bahía Blanca,Santiago del Estero,Santiago del Estero,Barracas,Santiago del Estero,35003221,Argentina
738,Avenida Belgrano N° 926,Mendoza,Córdoba,Córdoba,Recoleta,Córdoba,55005348,Argentina
739,Avenida Río Gallegos N° 97,Santiago del Estero,Tucumán,Tucumán,Belgrano,Tucumán,57008542,Argentina
740,Avenida Posadas N° 87,Neuquén,Tierra del Fuego,Tierra del Fuego,Villa Crespo,Tierra del Fuego,76000406,Argentina
741,Blv. Pte. Perón N° 94,Santa Rosa,Río Negro,Río Negro,Boedo,Río Negro,44001121,Argentina
742,Diag. Alem N° 868,Posadas,Chubut,Chubut,Belgrano,Chubut,53001101,Argentina
743,Diagonal Mar del Plata N° 8251,Santa Fe,Córdoba,Córdoba,Retiro,Córdoba,44008398,Argentina
744,Camino San Martin N° 379,Santa Fe,Santiago del Estero,Santiago del Estero,San Telmo,Santiago del Estero,55008284,Argentina
745,Diagonal Mar del Plata N° 2542,San Luis,Chubut,Chubut,Belgrano,Chubut,44002925,Argentina
746,Avenida Chilecito N° 99,Paraná,Misiones,Misiones,Recoleta,Misiones,58819224,Argentina
747,Boulevard Mendoza N° 176,La Plata,Tierra del Fuego,Tierra del Fuego,Barracas,Tierra del Fuego,30003708,Argentina
748,Calle 9 N° 7287,Neuquén,Santiago del Estero,Santiago del Estero,Recoleta,Santiago del Estero,50009643,Argentina
749,Av. 9 N° 69,Corrientes,San Juan,San Juan,Belgrano,San Juan,10041846,Argentina
750,Av. J.J. Castelli N° 794,Constitución,Córdoba,Córdoba,Belgrano,Córdoba,47008181,Argentina
751,Av. 8 N° 47,Córdoba,San Juan,San Juan,Flores,San Juan,58810912,Argentina
752,Av. La Rioja N° 785,Corrientes,Córdoba,Córdoba,Belgrano,Córdoba,63009780,Argentina
753,Avenida 6 N° 462,Córdoba,Río Negro,Río Negro,Flores,Río Negro,47003296,Argentina
754,Calle Santa Fe N° 41,Resistencia,San Luis,San Luis,Palermo,San Luis,50007688,Argentina
755,Calle Ushuaia N° 3457,Viedma,Río Negro,Río Negro,Belgrano,Río Negro,53003096,Argentina
756,Blv. San Juan N° 833,Formosa,Corrientes,Corrientes,Caballito,Corrientes,85002304,Argentina
757,Calle 3 N° 18,Corrientes,Formosa,Formosa,Villa Crespo,Formosa,54007573,Argentina
758,Av. Alem N° 334,Mendoza,Santiago del Estero,Santiago del Estero,San Telmo,Santiago del Estero,35008205,Argentina
759,Av. San Juan N° 4387,Resistencia,Tucumán,Tucumán,Retiro,Tucumán,36002095,Argentina
760,Camino Buenos Aires N° 712,San Miguel de Tucumán,Tierra del Fuego,Tierra del Fuego,Recoleta,Tierra del Fuego,19002349,Argentina
761,Boulevard Pte. Perón N° 1693,Resistencia,Buenos Aires,Buenos Aires,San Telmo,Buenos Aires,94101131,Argentina
762,Av. Tucumán N° 4919,Bahía Blanca,Catamarca,Catamarca,Recoleta,Catamarca,91038348,Argentina
763,Calle Salta N° 733,Mar del Plata,La Pampa,La Pampa,Villa Crespo,La Pampa,36004869,Argentina
764,Boulevard 7 N° 556,Posadas,Misiones,Misiones,Barracas,Misiones,46006463,Argentina
765,Diagonal Constitución N° 388,Río Gallegos,Santa Cruz,Santa Cruz,San Telmo,Santa Cruz,47000684,Argentina
766,Avenida Belgrano N° 191,Formosa,Santa Fe,Santa Fe,Palermo,Santa Fe,42000293,Argentina
767,Diagonal 3 N° 974,Merlo,La Rioja,La Rioja,Boedo,La Rioja,54002244,Argentina
768,Diagonal 3 N° 953,San Miguel de Tucumán,San Luis,San Luis,Palermo,San Luis,42002047,Argentina
769,Calle Merlo N° 181,Bahía Blanca,Tierra del Fuego,Tierra del Fuego,Boedo,Tierra del Fuego,53602464,Argentina
770,Avenida 3 N° 54,Posadas,San Luis,San Luis,Flores,San Luis,20002428,Argentina
771,Diagonal 5 N° 1222,La Plata,Salta,Salta,Retiro,Salta,34000083,Argentina
772,Camino Buenos Aires N° 336,San Ferando del Valle de Catamarca,Misiones,Misiones,Barracas,Misiones,35001921,Argentina
773,Av. Mitre N° 646,Rawson,Corrientes,Corrientes,San Telmo,Corrientes,31006929,Argentina
774,Av. 1 N° 560,San Luis,Catamarca,Catamarca,Villa Crespo,Catamarca,80009137,Argentina
775,Avenida 6 N° 41,Rawson,Neuquén,Neuquén,Belgrano,Neuquén,42005460,Argentina
776,Calle Merlo N° 24,Chilecito,Río Negro,Río Negro,Belgrano,Río Negro,30009929,Argentina
777,Boulevard Chaco N° 143,Merlo,Mendoza,Mendoza,Boedo,Mendoza,57004657,Argentina
778,Calle Comodoro Rivadavia N° 67,Santa Fe,Tierra del Fuego,Tierra del Fuego,Caballito,Tierra del Fuego,20004572,Argentina
779,Diagonal 159 B N° 84,San Juan,Formosa,Formosa,Recoleta,Formosa,94008242,Argentina
780,Calle 2 N° 815,Rosario,Formosa,Formosa,Retiro,Formosa,76000745,Argentina
781,Diagonal Neuquén N° 25,Ushuaia,Córdoba,Córdoba,Flores,Córdoba,10049758,Argentina
782,Calle Formosa N° 41,Santa Rosa,Corrientes,Corrientes,Retiro,Corrientes,47001669,Argentina
783,Avenida 8 N° 93,Santa Rosa,Chaco,Chaco,San Telmo,Chaco,90005342,Argentina
784,Diagonal Rosario N° 9279,Comodoro Rivadavia,Neuquén,Neuquén,Boedo,Neuquén,55000839,Argentina
785,Calle Viedma N° 4330,Santiago del Estero,Formosa,Formosa,Caballito,Formosa,53002475,Argentina
786,Avenida Mitre N° 691,San Miguel de Tucumán,Santa Fe,Santa Fe,Recoleta,Santa Fe,54003090,Argentina
787,Camino Córdoba N° 954,Rosario,Mendoza,Mendoza,Villa Crespo,Mendoza,36008439,Argentina
788,Diagonal Entre Ríos N° 922,Santiago del Estero,Chaco,Chaco,Boedo,Chaco,30000337,Argentina
789,Av. La Rioja N° 6332,Rosario,La Rioja,La Rioja,Belgrano,La Rioja,76008877,Argentina
790,Diagonal Salta N° 517,Paraná,Formosa,Formosa,Barracas,Formosa,85000612,Argentina
791,Diagonal Posadas N° 570,Córdoba,San Juan,San Juan,Retiro,San Juan,30009349,Argentina
792,Calle Santa Fe N° 66,San Luis,San Luis,San Luis,Palermo,San Luis,30001751,Argentina
793,Calle Neuquén N° 3751,San Salvador de Jujuy,Buenos Aires,Buenos Aires,Belgrano,Buenos Aires,57002103,Argentina
794,Av. Mendoza N° 16,Merlo,La Pampa,La Pampa,Barracas,La Pampa,90001072,Argentina
795,Diagonal 171 B N° 6195,Neuquén,Entre Ríos,Entre Ríos,Flores,Entre Ríos,35008858,Argentina
796,Diagonal San Ferando del Valle de Catamarca N° 7152,Resistencia,Neuquén,Neuquén,Villa Crespo,Neuquén,30003337,Argentina
797,Avenida Mitre N° 674,Formosa,Catamarca,Catamarca,Barracas,Catamarca,47004007,Argentina
798,Diagonal Malvinas Argentinas N° 362,Mar del Plata,Santa Fe,Santa Fe,Boedo,Santa Fe,34000653,Argentina
799,Av. 4 N° 615,Rawson,Jujuy,Jujuy,Palermo,Jujuy,76004416,Argentina
800,Diagonal J.B. Alberdi N° 81,Merlo,San Luis,San Luis,Barracas,San Luis,50008076,Argentina
801,Diag. 4 N° 814,Rawson,Entre Ríos,Entre Ríos,Palermo,Entre Ríos,47009099,Argentina
802,Camino Rivadavia N° 9875,Viedma,Chaco,Chaco,Boedo,Chaco,58817172,Argentina
803,Blv. Resistencia N° 913,San Juan,Entre Ríos,Entre Ríos,Caballito,Entre Ríos,40000487,Argentina
804,Calle 1 N° 533,Salta,Jujuy,Jujuy,Retiro,Jujuy,33007664,Argentina
805,Av. Alvear N° 549,San Salvador de Jujuy,La Pampa,La Pampa,Villa Crespo,La Pampa,57009851,Argentina
806,Avenida Corrientes N° 114,Resistencia,Chaco,Chaco,Boedo,Chaco,53606876,Argentina
807,Calle 3 N° 673,San Juan,Córdoba,Córdoba,Boedo,Córdoba,63001480,Argentina
808,Calle Santa Cruz N° 4418,Rosario,Neuquén,Neuquén,Belgrano,Neuquén,80002100,Argentina
809,Av. 9 N° 379,Resistencia,Misiones,Misiones,Barracas,Misiones,53608495,Argentina
810,Diagonal Saavedra N° 6278,San Miguel de Tucumán,Jujuy,Jujuy,Boedo,Jujuy,55003107,Argentina
811,Av. 6 N° 758,Mendoza,Buenos Aires,Buenos Aires,Palermo,Buenos Aires,34006434,Argentina
812,Avenida 2 N° 389,Resistencia,Chubut,Chubut,Caballito,Chubut,94004538,Argentina
813,Calle Entre Ríos N° 510,Mar del Plata,Jujuy,Jujuy,Flores,Jujuy,80005512,Argentina
814,Camino San Ferando del Valle de Catamarca N° 706,Rosario,La Rioja,La Rioja,Flores,La Rioja,57001495,Argentina
815,Diagonal San Martin N° 73,Santiago del Estero,Formosa,Formosa,Flores,Formosa,19000651,Argentina
816,Calle 4 N° 66,Formosa,Santa Cruz,Santa Cruz,Palermo,Santa Cruz,42004188,Argentina
817,Av. Tierra del Fuego N° 6461,Bahía Blanca,Mendoza,Mendoza,Villa Crespo,Mendoza,36000125,Argentina
818,Diagonal J.J. Castelli N° 9814,San Juan,Chubut,Chubut,San Telmo,Chubut,63008132,Argentina
819,Diag. 183 B N° 6972,San Juan,La Pampa,La Pampa,Palermo,La Pampa,30005309,Argentina
820,Camino Catamarca N° 13,Comodoro Rivadavia,San Juan,San Juan,Palermo,San Juan,31007200,Argentina
821,Calle Malvinas Argentinas N° 8957,Santa Fe,Río Negro,Río Negro,Belgrano,Río Negro,46008755,Argentina
822,Av. Mitre N° 675,Comodoro Rivadavia,Chaco,Chaco,San Telmo,Chaco,47002802,Argentina
823,Camino Viedma N° 301,La Rioja,San Juan,San Juan,Caballito,San Juan,44009355,Argentina
824,Camino Güemes N° 346,Chilecito,La Pampa,La Pampa,Villa Crespo,La Pampa,10048637,Argentina
825,Calle 3 N° 6258,San Salvador de Jujuy,Tierra del Fuego,Tierra del Fuego,Palermo,Tierra del Fuego,36001110,Argentina
826,Diagonal Buenos Aires N° 8485,Resistencia,Misiones,Misiones,Recoleta,Misiones,33004202,Argentina
827,Blv. 132 Bis N° 943,Paraná,Corrientes,Corrientes,Palermo,Corrientes,94003541,Argentina
828,Av. Santa Rosa N° 639,Posadas,Santiago del Estero,Santiago del Estero,San Telmo,Santiago del Estero,83006430,Argentina
829,Calle 5 N° 23,Comodoro Rivadavia,San Juan,San Juan,Retiro,San Juan,91039958,Argentina
830,Av. Formosa N° 4443,Río Gallegos,Chubut,Chubut,San Telmo,Chubut,20004043,Argentina
831,Avenida J.J. Castelli N° 25,Chilecito,Formosa,Formosa,San Telmo,Formosa,83002488,Argentina
832,Diag. 2 N° 52,Santa Rosa,Entre Ríos,Entre Ríos,Palermo,Entre Ríos,94008867,Argentina
833,Diagonal Comodoro Rivadavia N° 196,Río Gallegos,Mendoza,Mendoza,Retiro,Mendoza,76001292,Argentina
834,Camino Belgrano N° 8689,San Ferando del Valle de Catamarca,Santa Fe,Santa Fe,Caballito,Santa Fe,76009153,Argentina
835,Diagonal Santa Cruz N° 4196,Formosa,Chubut,Chubut,Caballito,Chubut,44007237,Argentina
836,Avenida Rivadavia N° 178,San Ferando del Valle de Catamarca,Mendoza,Mendoza,Recoleta,Mendoza,40000279,Argentina
837,Avenida Formosa N° 6020,San Salvador de Jujuy,La Rioja,La Rioja,Boedo,La Rioja,47009577,Argentina
838,Av. 6 N° 597,San Ferando del Valle de Catamarca,San Luis,San Luis,Belgrano,San Luis,53008688,Argentina
839,Calle 3 N° 56,Bahía Blanca,Tucumán,Tucumán,Caballito,Tucumán,57001833,Argentina
840,Avenida Entre Ríos N° 991,Santiago del Estero,Salta,Salta,Villa Crespo,Salta,63003483,Argentina
841,Av. Güemes N° 898,San Ferando del Valle de Catamarca,Chubut,Chubut,Boedo,Chubut,20008605,Argentina
842,Calle J.J. Castelli N° 2348,Viedma,Santa Fe,Santa Fe,San Telmo,Santa Fe,50009982,Argentina
843,Diag. 6 N° 191,San Ferando del Valle de Catamarca,Salta,Salta,Villa Crespo,Salta,47005602,Argentina
844,Av. 2 N° 916,Constitución,Tierra del Fuego,Tierra del Fuego,Retiro,Tierra del Fuego,50001262,Argentina
845,Camino Santa Fe N° 33,Rosario,Neuquén,Neuquén,San Telmo,Neuquén,80001592,Argentina
846,Av. 4 N° 676,Neuquén,Santa Cruz,Santa Cruz,Palermo,Santa Cruz,42003685,Argentina
847,Calle Buenos Aires N° 58,Neuquén,Catamarca,Catamarca,Retiro,Catamarca,50007650,Argentina
848,Avenida Córdoba N° 66,Santa Fe,Santiago del Estero,Santiago del Estero,Palermo,Santiago del Estero,30006764,Argentina
849,Diag. Comodoro Rivadavia N° 2683,Santiago del Estero,La Pampa,La Pampa,Boedo,La Pampa,40005696,Argentina
850,Diag. Santiago del Estero N° 754,Constitución,Neuquén,Neuquén,Boedo,Neuquén,34002065,Argentina
851,Diagonal 3 N° 4813,Santiago del Estero,Santa Cruz,Santa Cruz,San Telmo,Santa Cruz,10043493,Argentina
852,Av. 5 N° 683,Rawson,La Rioja,La Rioja,Villa Crespo,La Rioja,54001155,Argentina
853,Calle 6 N° 8543,Río Gallegos,Santa Fe,Santa Fe,Palermo,Santa Fe,90000800,Argentina
854,Avenida Pte. Perón N° 8418,Mendoza,Santa Fe,Santa Fe,Retiro,Santa Fe,53607381,Argentina
855,Av. Tucumán N° 794,Rosario,Santiago del Estero,Santiago del Estero,Boedo,Santiago del Estero,44000106,Argentina
856,Calle 179 B N° 652,Mar del Plata,La Pampa,La Pampa,Boedo,La Pampa,47005273,Argentina
857,Av. 7 N° 3799,Corrientes,Jujuy,Jujuy,San Telmo,Jujuy,47002741,Argentina
858,Avenida Santa Cruz N° 34,Santa Fe,La Pampa,La Pampa,Boedo,La Pampa,94100329,Argentina
859,Avenida San Juan N° 261,Comodoro Rivadavia,Córdoba,Córdoba,Boedo,Córdoba,31004354,Argentina
860,Diag. Mendoza N° 6743,San Juan,Neuquén,Neuquén,Villa Crespo,Neuquén,10048710,Argentina
861,Diagonal Córdoba N° 96,San Ferando del Valle de Catamarca,Formosa,Formosa,Palermo,Formosa,53605422,Argentina
862,Avenida Rosario N° 4049,La Rioja,Chubut,Chubut,Recoleta,Chubut,76009904,Argentina
863,Diagonal Santiago del Estero N° 8432,Santa Rosa,La Rioja,La Rioja,Flores,La Rioja,34006569,Argentina
864,Av. Omar Nuñez N° 855,Comodoro Rivadavia,San Luis,San Luis,Flores,San Luis,94004720,Argentina
865,Av. Santa Cruz N° 257,Rawson,Mendoza,Mendoza,Retiro,Mendoza,83005122,Argentina
866,Avenida Catamarca N° 9368,Merlo,San Luis,San Luis,Villa Crespo,San Luis,35000028,Argentina
867,Avenida 6 N° 1598,Resistencia,Catamarca,Catamarca,Belgrano,Catamarca,10045622,Argentina
868,Calle 8 N° 459,Mar del Plata,Formosa,Formosa,San Telmo,Formosa,36009685,Argentina
869,Diag. 3 N° 5556,San Miguel de Tucumán,Tucumán,Tucumán,San Telmo,Tucumán,19004380,Argentina
870,Diag. Alem N° 9432,Santiago del Estero,Neuquén,Neuquén,Flores,Neuquén,55005058,Argentina
871,Diagonal Santa Fe N° 944,Mar del Plata,Santa Cruz,Santa Cruz,San Telmo,Santa Cruz,35008932,Argentina
872,Avenida Viedma N° 850,Merlo,San Luis,San Luis,Recoleta,San Luis,58814520,Argentina
873,Avenida Alem N° 575,San Luis,Río Negro,Río Negro,Recoleta,Río Negro,42004865,Argentina
874,Boulevard Tucumán N° 699,Rawson,La Rioja,La Rioja,Caballito,La Rioja,63002956,Argentina
875,Av. Catamarca N° 636,Ushuaia,Tierra del Fuego,Tierra del Fuego,Villa Crespo,Tierra del Fuego,47000709,Argentina
876,Blv. Tucumán N° 288,Rosario,Tucumán,Tucumán,Retiro,Tucumán,20007750,Argentina
877,Av. 199 B N° 93,Resistencia,Tierra del Fuego,Tierra del Fuego,Barracas,Tierra del Fuego,53007176,Argentina
878,Boulevard Río Negro N° 9436,Resistencia,La Pampa,La Pampa,Villa Crespo,La Pampa,20008907,Argentina
879,Calle Pte. Perón N° 875,Córdoba,San Luis,San Luis,Barracas,San Luis,80008477,Argentina
880,Av. Belgrano N° 1121,La Plata,Salta,Salta,Flores,Salta,31000310,Argentina
881,Calle Catamarca N° 95,Santiago del Estero,San Juan,San Juan,Belgrano,San Juan,19006573,Argentina
882,Avenida Mitre N° 4132,Corrientes,La Pampa,La Pampa,Barracas,La Pampa,94108660,Argentina
883,Blv. 2 N° 81,Santa Rosa,Córdoba,Córdoba,Flores,Córdoba,90009531,Argentina
884,Av. Comodoro Rivadavia N° 367,San Juan,Mendoza,Mendoza,San Telmo,Mendoza,94103201,Argentina
885,Blv. La Pampa N° 834,La Plata,Río Negro,Río Negro,Barracas,Río Negro,44001121,Argentina
886,Calle La Plata N° 293,San Luis,La Pampa,La Pampa,Belgrano,La Pampa,10046902,Argentina
887,Diag. Alem N° 511,Formosa,Mendoza,Mendoza,Boedo,Mendoza,42006096,Argentina
888,Calle San Luis N° 119,Corrientes,Buenos Aires,Buenos Aires,Barracas,Buenos Aires,85004160,Argentina
889,Avenida Jujuy N° 577,Santiago del Estero,Tierra del Fuego,Tierra del Fuego,Belgrano,Tierra del Fuego,63006341,Argentina
890,Boulevard J.J. Castelli N° 77,San Luis,Mendoza,Mendoza,Flores,Mendoza,91034537,Argentina
891,Calle G. Brown N° 631,Río Gallegos,Córdoba,Córdoba,Retiro,Córdoba,50004041,Argentina
892,Diagonal Santa Fe N° 1195,Córdoba,Salta,Salta,Retiro,Salta,46006908,Argentina
893,Av. G. Brown N° 4530,La Rioja,Entre Ríos,Entre Ríos,San Telmo,Entre Ríos,90007918,Argentina
894,Calle 9 N° 5152,Merlo,Neuquén,Neuquén,Palermo,Neuquén,10044580,Argentina
895,Calle Merlo N° 5558,Salta,Santa Cruz,Santa Cruz,Villa Crespo,Santa Cruz,85008236,Argentina
896,Av. Pte. Perón N° 655,Rawson,Misiones,Misiones,Palermo,Misiones,34005024,Argentina
897,Diagonal Güemes N° 357,Merlo,San Luis,San Luis,Villa Crespo,San Luis,30005485,Argentina
898,Diagonal San Juan N° 898,San Juan,La Pampa,La Pampa,Belgrano,La Pampa,19009194,Argentina
899,Av. Formosa N° 1194,San Miguel de Tucumán,Mendoza,Mendoza,Belgrano,Mendoza,19009981,Argentina
900,Av. Formosa N° 221,Córdoba,Buenos Aires,Buenos Aires,San Telmo,Buenos Aires,90007838,Argentina
901,Av. 4 N° 8637,Santa Fe,Formosa,Formosa,Palermo,Formosa,94000374,Argentina
902,Camino Mendoza N° 54,La Plata,Mendoza,Mendoza,San Telmo,Mendoza,33001755,Argentina
903,Avenida Formosa N° 7789,Chilecito,La Pampa,La Pampa,Boedo,La Pampa,47000600,Argentina
904,Av. Mitre N° 413,Santa Fe,Tucumán,Tucumán,Retiro,Tucumán,35005052,Argentina
905,Camino La Plata N° 1323,Corrientes,Salta,Salta,Boedo,Salta,34006857,Argentina
906,Av. Mendoza N° 5882,Merlo,San Luis,San Luis,Belgrano,San Luis,94001177,Argentina
907,Blv. 2 N° 764,Bahía Blanca,La Rioja,La Rioja,Palermo,La Rioja,33003222,Argentina
908,Diag. Güemes N° 4489,Rawson,Neuquén,Neuquén,Palermo,Neuquén,53007888,Argentina
909,Camino Bahía Blanca N° 537,Santa Fe,Salta,Salta,Retiro,Salta,53605166,Argentina
910,Av. Salta N° 24,San Luis,Córdoba,Córdoba,Recoleta,Córdoba,36000613,Argentina
911,Diagonal Formosa N° 2234,Paraná,Salta,Salta,Recoleta,Salta,91034850,Argentina
912,Diagonal 189 Bis N° 529,San Juan,Formosa,Formosa,San Telmo,Formosa,55001178,Argentina
913,Avenida Córdoba N° 397,Santa Fe,Chaco,Chaco,Boedo,Chaco,44004456,Argentina
914,Camino Rosario N° 14,Posadas,Tierra del Fuego,Tierra del Fuego,Recoleta,Tierra del Fuego,10043609,Argentina
915,Av. Río Gallegos N° 365,Mendoza,San Juan,San Juan,Flores,San Juan,34008105,Argentina
916,Av. Santiago del Estero N° 618,Posadas,Tierra del Fuego,Tierra del Fuego,Retiro,Tierra del Fuego,20007065,Argentina
917,Calle Chubut N° 1174,Posadas,Entre Ríos,Entre Ríos,Boedo,Entre Ríos,90009375,Argentina
918,Diagonal J.J. Castelli N° 33,Rawson,San Juan,San Juan,Palermo,San Juan,35005462,Argentina
919,Diagonal Pte. Perón N° 37,Mendoza,La Pampa,La Pampa,Boedo,La Pampa,58818330,Argentina
920,Calle Omar Nuñez N° 252,Resistencia,Río Negro,Río Negro,Palermo,Río Negro,63006709,Argentina
921,Calle Buenos Aires N° 851,Mar del Plata,Tierra del Fuego,Tierra del Fuego,Villa Crespo,Tierra del Fuego,50004018,Argentina
922,Diagonal 5 N° 1089,Rosario,San Luis,San Luis,Recoleta,San Luis,83001337,Argentina
923,Diagonal San Juan N° 24,Formosa,San Juan,San Juan,Caballito,San Juan,80000710,Argentina
924,Diagonal 5 N° 139,Paraná,Mendoza,Mendoza,Caballito,Mendoza,94008422,Argentina
925,Diagonal 7 N° 717,Santiago del Estero,Jujuy,Jujuy,Caballito,Jujuy,35003474,Argentina
926,Diagonal J.M. de Rosas N° 240,Río Gallegos,Santiago del Estero,Santiago del Estero,Boedo,Santiago del Estero,34004157,Argentina
927,Diagonal 2 N° 797,Posadas,Santa Fe,Santa Fe,Boedo,Santa Fe,44003343,Argentina
928,Calle Comodoro Rivadavia N° 6933,Santa Fe,Catamarca,Catamarca,Recoleta,Catamarca,76000815,Argentina
929,Boulevard San Ferando del Valle de Catamarca N° 3238,Resistencia,Neuquén,Neuquén,Retiro,Neuquén,58817405,Argentina
930,Avenida Güemes N° 975,Paraná,Chubut,Chubut,Belgrano,Chubut,90002597,Argentina
931,Camino Pte. Perón N° 103,San Miguel de Tucumán,Jujuy,Jujuy,Barracas,Jujuy,34004387,Argentina
932,Boulevard 3 N° 7712,La Rioja,Tucumán,Tucumán,San Telmo,Tucumán,85005494,Argentina
933,Diag. Misiones N° 397,Rawson,Catamarca,Catamarca,Boedo,Catamarca,44005875,Argentina
934,Boulevard Merlo N° 926,Salta,Catamarca,Catamarca,Boedo,Catamarca,53605400,Argentina
935,Diag. Buenos Aires N° 13,Neuquén,Jujuy,Jujuy,Boedo,Jujuy,20007473,Argentina
936,Diag. 6 N° 888,Merlo,Santiago del Estero,Santiago del Estero,Boedo,Santiago del Estero,36003114,Argentina
937,Avenida J.M. de Rosas N° 485,Salta,Santa Fe,Santa Fe,Villa Crespo,Santa Fe,53008319,Argentina
938,Av. 8 N° 4495,Río Gallegos,San Juan,San Juan,Recoleta,San Juan,76003159,Argentina
939,Avenida Catamarca N° 715,San Salvador de Jujuy,Formosa,Formosa,Caballito,Formosa,94108047,Argentina
940,Diagonal Güemes N° 83,Posadas,Santiago del Estero,Santiago del Estero,Retiro,Santiago del Estero,80009100,Argentina
941,Avenida La Rioja N° 969,Bahía Blanca,Santa Cruz,Santa Cruz,Palermo,Santa Cruz,57002174,Argentina
942,Diagonal Posadas N° 444,Comodoro Rivadavia,La Rioja,La Rioja,Palermo,La Rioja,90001960,Argentina
943,Blv. La Rioja N° 3254,San Juan,Corrientes,Corrientes,Flores,Corrientes,53606267,Argentina
944,Av. 7 N° 872,Corrientes,Salta,Salta,Palermo,Salta,34002605,Argentina
945,Avenida 9 N° 93,La Plata,Catamarca,Catamarca,Flores,Catamarca,20007435,Argentina
946,Blv. Salta N° 21,San Juan,Córdoba,Córdoba,Retiro,Córdoba,54001729,Argentina
947,Calle J.M. de Rosas N° 119,Comodoro Rivadavia,Formosa,Formosa,Caballito,Formosa,57007610,Argentina
948,Calle 9 N° 6349,Neuquén,Jujuy,Jujuy,Flores,Jujuy,33008220,Argentina
949,Blv. Saavedra N° 8127,Posadas,Chubut,Chubut,Caballito,Chubut,63005693,Argentina
950,Calle Comodoro Rivadavia N° 423,La Rioja,Chubut,Chubut,Recoleta,Chubut,91038911,Argentina
951,Camino Paraná N° 44,Mendoza,La Pampa,La Pampa,Villa Crespo,La Pampa,42006187,Argentina
952,Diagonal Ciudad Autónoma de Buenos Aires N° 119,San Miguel de Tucumán,Santa Fe,Santa Fe,Retiro,Santa Fe,94000418,Argentina
953,Diagonal Santa Cruz N° 97,Córdoba,La Pampa,La Pampa,Caballito,La Pampa,83000406,Argentina
954,Diagonal San Juan N° 9064,Merlo,Río Negro,Río Negro,Villa Crespo,Río Negro,90002178,Argentina
955,Boulevard G. Brown N° 1916,San Luis,La Pampa,La Pampa,Barracas,La Pampa,90003142,Argentina
956,Calle Chaco N° 7135,Santa Fe,Chaco,Chaco,Palermo,Chaco,30003799,Argentina
957,Diagonal La Rioja N° 26,San Luis,Chaco,Chaco,Recoleta,Chaco,94001564,Argentina
958,Av. Chubut N° 822,Santa Rosa,Catamarca,Catamarca,Belgrano,Catamarca,58816845,Argentina
959,Avenida Constitución N° 61,Córdoba,Jujuy,Jujuy,Retiro,Jujuy,10044657,Argentina
960,Camino 7 N° 52,San Juan,Tierra del Fuego,Tierra del Fuego,Boedo,Tierra del Fuego,46009810,Argentina
961,Diagonal Chilecito N° 94,Ushuaia,Tucumán,Tucumán,San Telmo,Tucumán,57006493,Argentina
962,Diagonal La Pampa N° 99,Córdoba,Córdoba,Córdoba,Caballito,Córdoba,44006995,Argentina
963,Avenida Santa Rosa N° 571,San Salvador de Jujuy,Entre Ríos,Entre Ríos,Flores,Entre Ríos,80001683,Argentina
964,Diagonal La Pampa N° 595,San Miguel de Tucumán,Jujuy,Jujuy,Caballito,Jujuy,46002874,Argentina
965,Calle Pte. Perón N° 644,Santa Rosa,Santa Cruz,Santa Cruz,Flores,Santa Cruz,47005928,Argentina
966,Avenida La Rioja N° 721,Santa Rosa,Santiago del Estero,Santiago del Estero,Caballito,Santiago del Estero,44003609,Argentina
967,Camino 7 N° 933,Mendoza,Tucumán,Tucumán,Boedo,Tucumán,31002490,Argentina
968,Diagonal Salta N° 526,Comodoro Rivadavia,Salta,Salta,Palermo,Salta,91039801,Argentina
969,Diagonal 3 N° 961,Paraná,Santa Fe,Santa Fe,Boedo,Santa Fe,20004691,Argentina
970,Avenida Viedma N° 49,Mar del Plata,La Rioja,La Rioja,Belgrano,La Rioja,83005979,Argentina
971,Diagonal Alem N° 308,San Luis,Chaco,Chaco,Villa Crespo,Chaco,20000930,Argentina
972,Av. Buenos Aires N° 285,Chilecito,Catamarca,Catamarca,Flores,Catamarca,50008178,Argentina
973,Av. La Rioja N° 29,Mar del Plata,Salta,Salta,San Telmo,Salta,50008737,Argentina
974,Av. La Pampa N° 9899,San Luis,San Luis,San Luis,Villa Crespo,San Luis,80002256,Argentina
975,Avenida Alem N° 19,Viedma,Córdoba,Córdoba,Barracas,Córdoba,35007939,Argentina
976,Diagonal 2 N° 17,Santiago del Estero,Misiones,Misiones,Caballito,Misiones,80000973,Argentina
977,Avenida Resistencia N° 62,San Luis,Neuquén,Neuquén,Retiro,Neuquén,46002612,Argentina
978,Diagonal San Miguel de Tucumán N° 3164,Ushuaia,Chaco,Chaco,Flores,Chaco,50001364,Argentina
979,Diagonal Paraná N° 4586,Mar del Plata,Río Negro,Río Negro,Villa Crespo,Río Negro,91037701,Argentina
980,Calle Merlo N° 9377,San Luis,Río Negro,Río Negro,Villa Crespo,Río Negro,83002896,Argentina
981,Diagonal Alem N° 177,Merlo,La Pampa,La Pampa,Flores,La Pampa,34007969,Argentina
982,Av. Viedma N° 488,Córdoba,Jujuy,Jujuy,Palermo,Jujuy,50002342,Argentina
983,Calle San Juan N° 5663,Comodoro Rivadavia,San Luis,San Luis,Flores,San Luis,53607269,Argentina
984,Av. 5 N° 557,Posadas,Chaco,Chaco,San Telmo,Chaco,53009261,Argentina
985,Av. Neuquén N° 7735,Rawson,Entre Ríos,Entre Ríos,Recoleta,Entre Ríos,58810692,Argentina
986,Av. San Martin N° 781,San Miguel de Tucumán,Entre Ríos,Entre Ríos,San Telmo,Entre Ríos,58812748,Argentina
987,Calle 5 N° 139,Rosario,Salta,Salta,Villa Crespo,Salta,35005055,Argentina
988,Av. San Ferando del Valle de Catamarca N° 7385,Rawson,San Luis,San Luis,Flores,San Luis,34007907,Argentina
989,Camino 5 N° 923,San Miguel de Tucumán,Misiones,Misiones,Flores,Misiones,47007467,Argentina
990,Avenida Santa Fe N° 16,Río Gallegos,San Juan,San Juan,Flores,San Juan,53007856,Argentina
991,Diagonal Santiago del Estero N° 217,San Ferando del Valle de Catamarca,Catamarca,Catamarca,Flores,Catamarca,94003445,Argentina
992,Av. San Miguel de Tucumán N° 144,Ushuaia,Tucumán,Tucumán,Belgrano,Tucumán,54003025,Argentina
993,Av. 175 B N° 444,Paraná,Jujuy,Jujuy,Flores,Jujuy,34009054,Argentina
994,Diagonal San Luis N° 846,Santiago del Estero,Buenos Aires,Buenos Aires,Villa Crespo,Buenos Aires,36004314,Argentina
995,Camino La Rioja N° 808,Mendoza,Misiones,Misiones,Retiro,Misiones,10042845,Argentina
996,Diag. G. Brown N° 3247,Merlo,Santa Cruz,Santa Cruz,San Telmo,Santa Cruz,58816731,Argentina
997,Avenida San Salvador de Jujuy N° 252,San Juan,Santa Fe,Santa Fe,Palermo,Santa Fe,54007628,Argentina
998,Diagonal J.M. de Rosas N° 89,Ushuaia,Neuquén,Neuquén,San Telmo,Neuquén,33003753,Argentina
999,Avenida Catamarca N° 1715,Formosa,Chaco,Chaco,Boedo,Chaco,85006068,Argentina
1000,Avenida Omar Nuñez N° 4244,Resistencia,San Juan,San Juan,Palermo,San Juan,94103621,Argentina
